ESN,Protocol,Band,System Date,System Time,GPS Status,UTC Date,UTC Time,Fix Time,Latitude,Longitude,Altitude,Number of Satellites,Velocity,Absolute Time Stamp Date,Absolute Time Stamp Time,Loop Count,Antenna Gain,Cable Loss,SSB RSSI,Adjusted SSB RSSI,SSB RSSI2,Adjusted SSB RSSI2,Cell ID,Channel Frequency,Repetition Period,Subcarrier Spacing,Repetition Pattern,PCIs,Beams,Beam Index,Half Frame Number,Time Offset,PSS_RP,Adjusted PSS_RP,PSS_RQ,PSS_CINR,SSS_RP,Adjusted SSS_RP,SSS_RQ,SSS_CINR,SSS_DELAY_SPREAD,SS_CINR,RSPBCH_RP,Adjusted RSPBCH_RP,RSPBCH_RQ,RSPBCH_CINR,SSB_RP,Adjusted SSB_RP,SSB_RQ,SSB_CINR,MIB Raw,SIB1 Raw,MCC,MNC,Operation Mode,Bandwidth,fCarrier,TAC,Cell Identity,RedCap,TD Pattern,TD Pattern(Full),SIB1 DECODE Raw,Block Length,k_SSB,AL,Candidate,DCI type,DCI length,DCI Contents,PCI Count,Status
32409007,C00F,2,06/29/2026,15:55:46:664,2,00/00/0000,00:00:00:000,,38.903706,-77.007056,0.00,0,0.00,,,4,0,0,-75.9,-75.9,,,538,1935.850000,20,15,A,1,1,0,0,823000,-105.03,-105.03,-14.87,-0.7,-103.24,-103.24,-13.96,0.69,192,-0.06,-104.7,-104.7,-15.25,-0.61,-104.25,-104.25,-14.71,-0.22,204394,6E88100A098849813FB800530EE4056826234904FEE0014C3B9015000C50010810C04A0818014000004E653CA10F9B82010000008400020834201A8510019C20605A59E000004EE5CA7942D22D007AC0D4419900204BCE08DC21B8637106FB65F186963C805455EE4314410E00000000,310;311,260;490,Stand Alone,15,1937.500000,5238272,5573939221,Yes,,,0C04080010275F6000000000,12,04,08,00,10,39,5F6000000000,1,11
32409007,C00F,2,06/29/2026,15:55:46:671,2,00/00/0000,00:00:00:000,,38.903701,-77.007017,0.00,0,0.00,,,5,0,0,-76.1,-76.1,,,538,1935.850000,20,15,A,1,1,0,0,823000,-105.62,-105.62,-15.27,-1.33,-104.04,-104.04,-14.35,-0.09,192,-0.79,-104.19,-104.19,-14.63,-0.04,-104.56,-104.56,-14.86,-0.54,204394,,,,,,,,,,,,,,,,,,,,1,11
32409007,C00F,2,06/29/2026,15:55:46:671,2,00/00/0000,00:00:00:000,,38.903696,-77.006977,0.00,0,0.00,,,6,0,0,-76.8,-76.8,,,538,1935.850000,20,15,A,1,1,0,0,823000,-106.81,-106.81,-15.96,-2.08,-104.74,-104.74,-14.72,-0.77,160,-1.65,-105.75,-105.75,-15.27,-1.6,-105.68,-105.68,-15.23,-1.64,204394,,,,,,,,,,,,,,,,,,,,1,11
32409007,C00F,2,06/29/2026,15:55:46:672,2,00/00/0000,00:00:00:000,,38.903691,-77.006938,0.00,0,0.00,,,7,0,0,-75.8,-75.8,,,538,1935.850000,20,15,A,1,1,0,0,823000,-105.05,-105.05,-14.8,-0.62,-103.7,-103.7,-14.24,0,96,-0.4,-104.33,-104.33,-15.1,-0.41,-104.32,-104.32,-14.89,-0.4,204394,,,,,,,,,,,,,,,,,,,,1,11
32409007,C00F,2,06/29/2026,15:59:13:316,2,00/00/0000,00:00:00:000,,38.903665,-77.006741,0.00,0,0.00,,,12,0,0,-81.8,-81.8,,,538,1935.850000,20,15,A,1,1,0,0,822840,-109.52,-109.52,-12.52,4.63,-109.99,-109.99,-12.93,3.16,128,4.72,-106.92,-106.92,-12.1,6.78,-108.62,-108.62,-13.16,5.57,364394,6E88100A098849813FB800530EE4056826234904FEE0014C3B9015000C50010810C04A0818014000004E653CA10F9B82010000008400020834201A8510019C20605A59E000004EE5CA7942D22D007AC0D4419900204BCE08DC21B8637106FB65F186963C805455EE4314410E00000000,310;311,260;490,Stand Alone,15,1937.500000,5238272,5573939221,Yes,,,0C04080010275F6000000000,12,04,08,00,10,39,5F6000000000,1,11
32409007,C00F,2,06/29/2026,15:59:13:334,2,00/00/0000,00:00:00:000,,38.903628,-77.006533,0.00,0,0.00,,,13,0,0,-81.3,-81.3,,,538,1935.850000,20,15,A,1,1,0,0,822840,-108.45,-108.45,-12.22,5.63,-108.96,-108.96,-12.6,4.1,0,5.75,-106.53,-106.53,-12.17,8.04,-107.88,-107.88,-12.93,6.61,364394,,,,,,,,,,,,,,,,,,,,1,11
32409007,C00F,2,06/29/2026,15:59:13:334,2,00/00/0000,00:00:00:000,,38.903591,-77.006325,0.00,0,0.00,,,14,0,0,-81,-81,,,538,1935.850000,20,15,A,1,1,0,0,822840,-108.27,-108.27,-12.13,5.93,-108.29,-108.29,-12.47,4.42,0,6.01,-106.1,-106.1,-12.05,8.71,-107.46,-107.46,-12.84,6.99,384394,,,,,,,,,,,,,,,,,,,,1,11
32409007,C00F,2,06/29/2026,15:59:13:334,2,00/00/0000,00:00:00:000,,38.903554,-77.006118,0.00,0,0.00,,,15,0,0,-81.3,-81.3,,,538,1935.850000,20,15,A,1,1,0,0,822840,-108.35,-108.35,-12.13,6.16,-108.5,-108.5,-12.37,5.08,0,6.54,-106.02,-106.02,-11.6,8.2,-107.5,-107.5,-12.55,7.21,384394,,,,,,,,,,,,,,,,,,,,1,11
32409007,C00F,2,06/29/2026,16:00:28:229,2,00/00/0000,00:00:00:000,,38.903517,-77.005910,0.00,0,0.00,,,16,0,0,-70.3,-70.3,,,538,1935.850000,20,15,A,1,1,0,0,822808,-94.95,-94.95,-10.97,17.03,-94.78,-94.78,-10.98,16.65,0,17.73,-95.07,-95.07,-11.12,14.71,-94.93,-94.93,-11,16.55,604394,6E88100A098849813FB800530EE4056826234904FEE0014C3B9015000C50010810C04A0818014000004E653CA10F9B82010000008400020834201A8510019C20605A59E000004EE5CA7942D22D007AC0D4419900204BCE08DC21B8637106FB65F186963C805455EE4314410E00000000,310;311,260;490,Stand Alone,15,1937.500000,5238272,5573939221,Yes,,,0C04080010275F6000000000,12,04,08,00,10,39,5F6000000000,1,11
32409007,C00F,2,06/29/2026,16:00:28:235,2,00/00/0000,00:00:00:000,,38.903504,-77.005834,0.00,0,0.00,,,17,0,0,-70.2,-70.2,,,538,1935.850000,20,15,A,1,1,0,0,822808,-94.68,-94.68,-10.97,17.28,-94.7,-94.7,-10.99,16.48,0,17.76,-94.71,-94.71,-10.86,16.84,-94.7,-94.7,-10.89,17.44,604394,,,,,,,,,,,,,,,,,,,,1,11
32409007,C00F,2,06/29/2026,16:00:28:235,2,00/00/0000,00:00:00:000,,38.903490,-77.005757,0.00,0,0.00,,,18,0,0,-70.4,-70.4,,,538,1935.850000,20,15,A,1,1,0,0,822808,-94.96,-94.96,-10.99,16.35,-94.99,-94.99,-11.01,15.58,0,16.91,-95.12,-95.12,-11.01,15.65,-95.02,-95.02,-10.96,16.47,604394,,,,,,,,,,,,,,,,,,,,1,11
32409007,C00F,2,06/29/2026,16:00:28:235,2,00/00/0000,00:00:00:000,,38.903477,-77.005681,0.00,0,0.00,,,19,0,0,-70.6,-70.6,,,538,1935.850000,20,15,A,1,1,0,0,822808,-95.25,-95.25,-10.98,16.75,-95.12,-95.12,-11.02,15.29,0,16.91,-95.28,-95.28,-11.01,15.47,-95.21,-95.21,-10.97,16.4,604394,,,,,,,,,,,,,,,,,,,,1,11
32409007,C00F,2,06/29/2026,16:02:11:463,2,00/00/0000,00:00:00:000,,38.903463,-77.005605,0.00,0,0.00,,,20,0,0,-70.2,-70.2,,,538,1935.850000,20,15,A,1,1,0,0,822744,-94.51,-94.51,-10.94,17.78,-94.58,-94.58,-10.97,16.79,0,18.16,-95.08,-95.08,-11.07,16.82,-94.71,-94.71,-10.85,17.72,6A4394,6E88100A098849813FB800530EE4056826234904FEE0014C3B9015000C50010810C04A0818014000004E653CA10F9B82010000008400020834201A8510019C20605A59E000004EE5CA7942D22D007AC0D4419900204BCE08DC21B8637106FB65F186963C805455EE4314410E00000000,310;311,260;490,Stand Alone,15,1937.500000,5238272,5573939221,Yes,,,0C04080010275F6000000000,12,04,08,00,10,39,5F6000000000,1,11
32409007,C00F,2,06/29/2026,16:02:11:470,2,00/00/0000,00:00:00:000,,38.903450,-77.005528,0.00,0,0.00,,,21,0,0,-70.2,-70.2,,,538,1935.850000,20,15,A,1,1,0,0,822744,-94.56,-94.56,-10.94,17.96,-94.59,-94.59,-10.99,16.14,0,17.86,-94.95,-94.95,-11.01,16.4,-94.69,-94.69,-10.86,17.37,6A4394,,,,,,,,,,,,,,,,,,,,1,11
32409007,C00F,2,06/29/2026,16:02:11:470,2,00/00/0000,00:00:00:000,,38.903436,-77.005452,0.00,0,0.00,,,22,0,0,-70.2,-70.2,,,538,1935.850000,20,15,A,1,1,0,0,822744,-94.39,-94.39,-10.84,19.46,-94.54,-94.54,-10.97,16.87,0,18.28,-94.97,-94.97,-11.01,17.62,-94.65,-94.65,-10.84,18.08,6A4394,,,,,,,,,,,,,,,,,,,,1,11
32409007,C00F,2,06/29/2026,16:02:11:470,2,00/00/0000,00:00:00:000,,38.903423,-77.005376,0.00,0,0.00,,,23,0,0,-70.1,-70.1,,,538,1935.850000,20,15,A,1,1,0,0,822744,-94.31,-94.31,-10.83,19.79,-94.47,-94.47,-10.97,16.7,0,18.35,-94.99,-94.99,-11.06,16.93,-94.61,-94.61,-10.84,17.88,6A4394,,,,,,,,,,,,,,,,,,,,1,11
32409007,C00F,2,06/29/2026,16:03:40:944,2,00/00/0000,00:00:00:000,,38.903409,-77.005299,0.00,0,0.00,,,24,0,0,-64.6,-64.6,,,538,1935.850000,20,15,A,1,1,0,0,822712,-89.92,-89.92,-11.85,6.21,-89.85,-89.85,-11.75,7.53,0,7.83,-90.45,-90.45,-12.13,6.56,-90.06,-90.06,-11.82,7.42,484394,6E88100A098849813FB800530EE4056826234904FEE0014C3B9015000C50010810C04A0818014000004E653CA10F9B82010000008400020834201A8510019C20605A59E000004EE5CA7942D22D007AC0D4419900204BCE08DC21B8637106FB65F186963C805455EE4314410E00000000,310;311,260;490,Stand Alone,15,1937.500000,5238272,5573939221,Yes,,,0C04080010275EA000000000,12,04,08,00,10,39,5EA000000000,1,11
32409007,C00F,2,06/29/2026,16:03:40:955,2,00/00/0000,00:00:00:000,,38.903407,-77.005317,0.00,0,0.00,,,25,0,0,-64.6,-64.6,,,538,1935.850000,20,15,A,1,1,0,0,822712,-89.96,-89.96,-11.85,6.3,-89.91,-89.91,-11.75,7.49,0,7.86,-90.12,-90.12,-11.9,7.07,-89.99,-89.99,-11.8,7.6,484394,,,,,,,,,,,,,,,,,,,,1,11
32409007,C00F,2,06/29/2026,16:03:40:955,2,00/00/0000,00:00:00:000,,38.903404,-77.005335,0.00,0,0.00,,,26,0,0,-64.7,-64.7,,,538,1935.850000,20,15,A,1,1,0,0,822712,-90.13,-90.13,-11.93,6.01,-90.07,-90.07,-11.84,7.06,0,7.45,-90.52,-90.52,-12.14,6.19,-90.23,-90.23,-11.91,7.03,484394,,,,,,,,,,,,,,,,,,,,1,11
32409007,C00F,2,06/29/2026,16:03:40:955,2,00/00/0000,00:00:00:000,,38.903402,-77.005352,0.00,0,0.00,,,27,0,0,-64.5,-64.5,,,538,1935.850000,20,15,A,1,1,0,0,822712,-90.11,-90.11,-11.96,5.88,-90.07,-90.07,-11.88,6.8,0,7.26,-90.28,-90.28,-12.12,6.64,-90.15,-90.15,-11.99,7.06,4A4394,,,,,,,,,,,,,,,,,,,,1,11
32409007,C00F,2,06/29/2026,16:05:28:860,2,00/00/0000,00:00:00:000,,38.903508,-77.005975,0.00,0,0.00,,,28,0,0,-79.6,-79.6,,,538,1935.850000,20,15,A,2,2,0,0,822648,-108.22,-108.22,-12.23,4.45,-108.25,-108.25,-12.41,4.06,0,5.15,-109.49,-109.49,-12.48,3.82,-108.6,-108.6,-12,4.76,0C4394,6E88100A098849813FB800530EE4056826234904FEE0014C3B9015000C50010810C04A0818014000004E653CA10F9B82010000008400020834201A8510019C20605A59E000004EE5CA7942D22D007AC0D4419900204BCE08DC21B8637106FB65F186963C805455EE4314410E00000000,310;311,260;490,Stand Alone,15,1937.500000,5238272,5573939221,Yes,,,0C04080010275F6000000000,12,04,08,00,10,39,5F6000000000,2,11
32409007,C00F,2,06/29/2026,16:05:28:877,2,00/00/0000,00:00:00:000,,38.903506,-77.005984,0.00,0,0.00,,,29,0,0,-82.9,-82.9,,,538,1935.850000,20,15,A,2,2,0,0,822648,-108.2,-108.2,-12.31,4.12,-108.27,-108.27,-12.49,3.82,0,4.87,-110.11,-110.11,-13.12,3.54,-108.75,-108.75,-12.2,4.52,0E4394,,,,,,,,,,,,,,,,,,,,2,11
32409007,C00F,2,06/29/2026,16:05:28:878,2,00/00/0000,00:00:00:000,,38.903504,-77.005992,0.00,0,0.00,,,30,0,0,-82.7,-82.7,,,538,1935.850000,20,15,A,2,2,0,0,822648,-107.64,-107.64,-12.21,4.69,-107.72,-107.72,-12.25,4.7,0,5.6,-109.25,-109.25,-12.41,4.52,-108.12,-108.12,-11.82,5.3,0E4394,,,,,,,,,,,,,,,,,,,,2,11
32409007,C00F,2,06/29/2026,16:05:28:878,2,00/00/0000,00:00:00:000,,38.903502,-77.006000,0.00,0,0.00,,,31,0,0,-82.3,-82.3,,,538,1935.850000,20,15,A,2,2,0,0,822648,-107.7,-107.7,-12.34,4.01,-107.61,-107.61,-12.43,4.05,0,4.93,-109.9,-109.9,-13.38,3.19,-108.26,-108.26,-12.21,4.48,0E4394,,,,,,,,,,,,,,,,,,,,2,11
32409007,C00F,2,06/29/2026,16:08:19:697,2,00/00/0000,00:00:00:000,,38.903491,-77.006042,0.00,0,0.00,,,36,0,0,-83.4,-83.4,,,101,1935.850000,20,15,A,1,1,0,0,822600,-110.96,-110.96,-13.48,1.66,-110.52,-110.52,-13.67,1.76,0,2.52,-115.5,-115.5,-18.47,-8.2,-112.42,-112.42,-15.34,2.52,644394,6E88100A098849813FB800530EE405A826234904FEE0014C3B9016000C50010810C04A0818014000004E653CA10F9B82010000008400020834201A8510019C20605A59E000004EE5CA7942D22D007AC0D4419900828BCE08DC21B8637106FB65F119563C805455EE4314410E00000000,310;311,260;490,Stand Alone,15,1937.500000,5238272,5573939222,Yes,,,0C04080010275F6000000000,12,04,08,00,10,39,5F6000000000,1,11
32409007,C00F,2,06/29/2026,16:08:19:704,2,00/00/0000,00:00:00:000,,38.903488,-77.006050,0.00,0,0.00,,,37,0,0,-83.1,-83.1,,,101,1935.850000,20,15,A,1,1,0,0,822600,-111.27,-111.27,-13.98,0.74,-110.82,-110.82,-13.88,1.3,0,1.56,-110.54,-110.54,-13.93,0.77,-110.87,-110.87,-14.1,1.27,644394,,,,,,,,,,,,,,,,,,,,1,11
32409007,C00F,2,06/29/2026,16:08:19:704,2,00/00/0000,00:00:00:000,,38.903486,-77.006058,0.00,0,0.00,,,38,0,0,-82.9,-82.9,,,101,1935.850000,20,15,A,1,1,0,0,822600,-111.07,-111.07,-14.12,0.81,-110.24,-110.24,-13.67,1.86,0,1.78,-113.99,-113.99,-17.6,-7.92,-112.32,-112.32,-15.81,1.78,644394,,,,,,,,,,,,,,,,,,,,1,11
32409007,C00F,2,06/29/2026,16:08:19:704,2,00/00/0000,00:00:00:000,,38.903484,-77.006066,0.00,0,0.00,,,39,0,0,-83.3,-83.3,,,101,1935.850000,20,15,A,1,1,0,0,822600,-110.96,-110.96,-13.57,1.43,-110.58,-110.58,-13.74,1.7,0,2.37,-114.94,-114.94,-18.14,-9.54,-112.44,-112.44,-15.54,2.37,644394,,,,,,,,,,,,,,,,,,,,1,11
32409007,C00F,2,06/29/2026,16:09:28:449,2,00/00/0000,00:00:00:000,,38.903482,-77.006075,0.00,0,0.00,,,40,0,0,-78,-78,,,101,1935.850000,20,15,A,2,2,0,0,822520,-105.71,-105.71,-13.72,0.92,-105.86,-105.86,-13.91,1.06,0,1.29,-106.7,-106.7,-15.16,-1.02,-106.06,-106.06,-14.37,0.51,404394,6E88100A098849813FB800530EE405A826234904FEE0014C3B9016000C50010810C04A0818014000004E653CA10F9B82010000008400020834201A8510019C20605A59E000004EE5CA7942D22D007AC0D4419900828BCE08DC21B8637106FB65F119563C805455EE4314410E00000000,310;311,260;490,Stand Alone,15,1937.500000,5238272,5573939222,Yes,,,0C04080010275EA000000000,12,04,08,00,10,39,5EA000000000,2,11
32409007,C00F,2,06/29/2026,16:09:28:470,2,00/00/0000,00:00:00:000,,38.903474,-77.006096,0.00,0,0.00,,,41,0,0,-77.7,-77.7,,,101,1935.850000,20,15,A,2,2,0,0,822520,-104.85,-104.85,-13.23,1.43,-104.89,-104.89,-13.4,1.37,0,2.2,-105.23,-105.23,-13.94,0.73,-104.98,-104.98,-13.6,1.7,404394,,,,,,,,,,,,,,,,,,,,2,11
32409007,C00F,2,06/29/2026,16:09:28:470,2,00/00/0000,00:00:00:000,,38.903466,-77.006118,0.00,0,0.00,,,42,0,0,-77.5,-77.5,,,101,1935.850000,20,15,A,2,2,0,0,822520,-105.13,-105.13,-13.89,0.36,-105.34,-105.34,-14.1,-0.03,0,0.26,-107.21,-107.21,-16.18,-2.41,-105.78,-105.78,-14.67,-0.51,404394,,,,,,,,,,,,,,,,,,,,2,11
32409007,C00F,2,06/29/2026,16:09:28:470,2,00/00/0000,00:00:00:000,,38.903458,-77.006140,0.00,0,0.00,,,43,0,0,-77.7,-77.7,,,101,1935.850000,20,15,A,2,2,0,0,822520,-105.41,-105.41,-13.99,0.17,-105.47,-105.47,-14.1,-0.05,0,0.16,-106.34,-106.34,-15.11,-1.09,-105.71,-105.71,-14.42,-0.22,404394,,,,,,,,,,,,,,,,,,,,2,11
32409007,C00F,2,06/29/2026,16:11:09:319,2,00/00/0000,00:00:00:000,,38.903450,-77.006161,0.00,0,0.00,,,44,0,0,-78.9,-78.9,,,538,1935.850000,20,15,A,1,1,0,0,822456,-105.8,-105.8,-12.83,3.16,-105.6,-105.6,-13,2.7,320,3.77,-106.95,-106.95,-14.51,0.78,-106.06,-106.06,-13.51,2.77,2C4394,6E88100A098849813FB800530EE4056826234904FEE0014C3B9015000C50010810C04A0818014000004E653CA10F9B82010000008400020834201A8510019C20605A59E000004EE5CA7942D22D007AC0D4419900204BCE08DC21B8637106FB65F186963C805455EE4314410E00000000,310;311,260;490,Stand Alone,15,1937.500000,5238272,5573939221,Yes,,,0C04080010275EA000000000,12,04,08,00,10,39,5EA000000000,1,11
32409007,C00F,2,06/29/2026,16:11:09:325,2,00/00/0000,00:00:00:000,,38.903424,-77.006010,0.00,0,0.00,,,45,0,0,-78.5,-78.5,,,538,1935.850000,20,15,A,1,1,0,0,822456,-105.34,-105.34,-12.78,3.19,-105.49,-105.49,-13.02,2.53,320,3.7,-105.88,-105.88,-13.94,1.28,-105.56,-105.56,-13.43,2.83,2C4394,,,,,,,,,,,,,,,,,,,,1,11
32409007,C00F,2,06/29/2026,16:11:09:325,2,00/00/0000,00:00:00:000,,38.903397,-77.005859,0.00,0,0.00,,,46,0,0,-78.8,-78.8,,,538,1935.850000,20,15,A,1,1,0,0,822456,-105.93,-105.93,-12.96,2.92,-105.82,-105.82,-13.11,2.43,320,3.46,-106.84,-106.84,-14.6,-0.17,-106.16,-106.16,-13.72,2.12,2C4394,,,,,,,,,,,,,,,,,,,,1,11
32409007,C00F,2,06/29/2026,16:11:09:326,2,00/00/0000,00:00:00:000,,38.903371,-77.005708,0.00,0,0.00,,,47,0,0,-78.8,-78.8,,,538,1935.850000,20,15,A,1,1,0,0,822456,-105.59,-105.59,-12.84,3.19,-105.92,-105.92,-13.08,2.54,320,3.71,-106.54,-106.54,-14.32,0.85,-105.99,-105.99,-13.58,2.7,2E4394,,,,,,,,,,,,,,,,,,,,1,11
32409007,C00F,2,06/29/2026,16:12:39:842,2,00/00/0000,00:00:00:000,,38.903331,-77.005597,0.00,0,0.00,,,48,0,0,-58.6,-58.6,,,538,1935.850000,20,15,A,2,2,0,0,822376,-86.04,-86.04,-13.55,1.45,-86.14,-86.14,-13.52,1.28,0,1.91,-86.4,-86.4,-14.32,1.61,-86.18,-86.18,-13.95,1.81,184394,6E88100A098849813FB800530EE4056826234904FEE0014C3B9015000C50010810C04A0818014000004E653CA10F9B82010000008400020834201A8510019C20605A59E000004EE5CA7942D22D007AC0D4419900204BCE08DC21B8637106FB65F186963C805455EE4314410E00000000,310;311,260;490,Stand Alone,15,1937.500000,5238272,5573939221,Yes,,,0C04080010275EA000000000,12,04,08,00,10,39,5EA000000000,2,11
32409007,C00F,2,06/29/2026,16:12:39:855,2,00/00/0000,00:00:00:000,,38.903357,-77.005745,0.00,0,0.00,,,49,0,0,-58.3,-58.3,,,538,1935.850000,20,15,A,2,2,0,0,822376,-85.46,-85.46,-13.28,1.65,-85.79,-85.79,-13.34,1.72,0,2.49,-85.07,-85.07,-13.28,2.72,-85.44,-85.44,-13.46,2.57,184394,,,,,,,,,,,,,,,,,,,,2,11
32409007,C00F,2,06/29/2026,16:12:39:856,2,00/00/0000,00:00:00:000,,38.903384,-77.005893,0.00,0,0.00,,,50,0,0,-58.2,-58.2,,,538,1935.850000,20,15,A,2,2,0,0,822376,-85.65,-85.65,-13.37,1.33,-85.83,-85.83,-13.35,1.7,0,2.31,-85.45,-85.45,-13.87,1.57,-85.65,-85.65,-13.81,2.05,184394,,,,,,,,,,,,,,,,,,,,2,11
32409007,C00F,2,06/29/2026,16:12:39:856,2,00/00/0000,00:00:00:000,,38.903410,-77.006041,0.00,0,0.00,,,51,0,0,-58.6,-58.6,,,538,1935.850000,20,15,A,2,2,0,0,822376,-86.23,-86.23,-13.63,1.27,-86.27,-86.27,-13.55,1.21,0,1.78,-86.5,-86.5,-14.42,1.06,-86.33,-86.33,-14.05,1.55,184394,,,,,,,,,,,,,,,,,,,,2,11
32409007,C00F,2,06/29/2026,16:14:22:133,2,00/00/0000,00:00:00:000,,38.903436,-77.006189,0.00,0,0.00,,,52,0,0,-77.7,-77.7,,,101,1935.850000,20,15,A,2,2,0,0,822424,-105.75,-105.75,-14.63,-0.95,-105.5,-105.5,-14.48,-0.71,0,-0.73,-111.74,-111.74,-20.32,-10.27,-107.31,-107.31,-16,-0.73,164394,6E88100A098849813FB800530EE405A826234904FEE0014C3B9016000C50010810C04A0818014000004E653CA10F9B82010000008400020834201A8510019C20605A59E000004EE5CA7942D22D007AC0D4419900828BCE08DC21B8637106FB65F119563C805455EE4314410E00000000,310;311,260;490,Stand Alone,15,1937.500000,5238272,5573939222,Yes,,,0C04080010275EA000000000,12,04,08,00,10,39,5EA000000000,2,11
32409007,C00F,2,06/29/2026,16:14:22:147,2,00/00/0000,00:00:00:000,,38.903430,-77.006212,0.00,0,0.00,,,53,0,0,-76.9,-76.9,,,101,1935.850000,20,15,A,2,2,0,0,822424,-105.28,-105.28,-14.5,-0.69,-105.31,-105.31,-14.35,-0.48,0,-0.49,-106.56,-106.56,-16.04,-5.73,-106.98,-106.98,-16.34,-0.49,164394,,,,,,,,,,,,,,,,,,,,2,11
32409007,C00F,2,06/29/2026,16:14:22:147,2,00/00/0000,00:00:00:000,,38.903424,-77.006236,0.00,0,0.00,,,54,0,0,-77.4,-77.4,,,101,1935.850000,20,15,A,2,2,0,0,822424,-105.03,-105.03,-14,0.32,-104.91,-104.91,-13.96,0.38,0,0.45,-108.12,-108.12,-17,-6.37,-106.65,-106.65,-15.57,0.45,164394,,,,,,,,,,,,,,,,,,,,2,11
32409007,C00F,2,06/29/2026,16:14:22:147,2,00/00/0000,00:00:00:000,,38.903418,-77.006260,0.00,0,0.00,,,55,0,0,-77.7,-77.7,,,101,1935.850000,20,15,A,2,2,0,0,822424,-105.38,-105.38,-13.51,1.23,-105.12,-105.12,-13.55,1.1,0,1.7,-109.54,-109.54,-18.34,-7.01,-106.93,-106.93,-15.56,1.7,164394,,,,,,,,,,,,,,,,,,,,2,11
32409007,C00F,2,06/29/2026,16:17:40:483,2,00/00/0000,00:00:00:000,,38.903294,-77.005691,0.00,0,0.00,,,60,0,0,-56.1,-56.1,,,538,1935.850000,20,15,A,1,1,0,0,822228,-80.84,-80.84,-11.29,10.78,-80.97,-80.97,-11.3,10.97,32,11.87,-81.29,-81.29,-11.53,10.84,-81.02,-81.02,-11.31,11.54,464394,6E88100A098849813FB800530EE4056826234904FEE0014C3B9015000C50010810C04A0818014000004E653CA10F9B82010000008400020834201A8510019C20605A59E000004EE5CA7942D22D007AC0D4419900204BCE08DC21B8637106FB65F186963C805455EE4314410E00000000,310;311,260;490,Stand Alone,15,1937.500000,5238272,5573939221,Yes,,,0C04080010275EA000000000,12,04,08,00,10,39,5EA000000000,1,11
32409007,C00F,2,06/29/2026,16:17:40:503,2,00/00/0000,00:00:00:000,,38.903297,-77.005674,0.00,0,0.00,,,61,0,0,-54.7,-54.7,,,538,1935.850000,20,15,A,1,1,0,0,822228,-79.33,-79.33,-11.19,12.03,-79.43,-79.43,-11.2,12.08,32,13.06,-79.71,-79.71,-11.29,12.31,-79.48,-79.48,-11.15,12.82,484394,,,,,,,,,,,,,,,,,,,,1,11
32409007,C00F,2,06/29/2026,16:17:40:503,2,00/00/0000,00:00:00:000,,38.903301,-77.005657,0.00,0,0.00,,,62,0,0,-54.3,-54.3,,,538,1935.850000,20,15,A,1,1,0,0,822228,-78.88,-78.88,-11.23,11.43,-78.98,-78.98,-11.24,11.6,32,12.51,-79.39,-79.39,-11.41,12.53,-79.07,-79.07,-11.19,12.51,484394,,,,,,,,,,,,,,,,,,,,1,11
32409007,C00F,2,06/29/2026,16:17:40:503,2,00/00/0000,00:00:00:000,,38.903304,-77.005640,0.00,0,0.00,,,63,0,0,-55,-55,,,538,1935.850000,20,15,A,1,1,0,0,822228,-79.82,-79.82,-11.41,9.44,-79.89,-79.89,-11.42,9.78,32,10.6,-80.27,-80.27,-11.56,11.21,-79.98,-79.98,-11.37,10.78,484394,,,,,,,,,,,,,,,,,,,,1,11
32409007,C00F,2,06/29/2026,16:19:08:747,2,00/00/0000,00:00:00:000,,38.903307,-77.005623,0.00,0,0.00,,,64,0,0,-57.3,-57.3,,,538,1935.850000,20,15,A,1,1,0,0,822232,-81.63,-81.63,-10.97,16.63,-81.61,-81.61,-10.99,15.96,0,17.24,-82.09,-82.09,-11,17.81,-81.77,-81.77,-10.83,17.4,164394,6E88100A098849813FB800530EE4056826234904FEE0014C3B9015000C50010810C04A0818014000004E653CA10F9B82010000008400020834201A8510019C20605A59E000004EE5CA7942D22D007AC0D4419900204BCE08DC21B8637106FB65F186963C805455EE4314410E00000000,310;311,260;490,Stand Alone,15,1937.500000,5238272,5573939221,Yes,,,0C04080010275F6000000000,12,04,08,00,10,39,5F6000000000,1,11
32409007,C00F,2,06/29/2026,16:19:08:753,2,00/00/0000,00:00:00:000,,38.903344,-77.005830,0.00,0,0.00,,,65,0,0,-57.4,-57.4,,,538,1935.850000,20,15,A,1,1,0,0,822232,-81.79,-81.79,-10.98,16.28,-81.71,-81.71,-11,15.8,0,16.98,-82.28,-82.28,-11.08,16.98,-81.91,-81.91,-10.87,16.98,164394,,,,,,,,,,,,,,,,,,,,1,11
32409007,C00F,2,06/29/2026,16:19:08:753,2,00/00/0000,00:00:00:000,,38.903380,-77.006037,0.00,0,0.00,,,66,0,0,-57.6,-57.6,,,538,1935.850000,20,15,A,1,1,0,0,822232,-82.03,-82.03,-10.98,16.21,-81.87,-81.87,-11.01,15.62,0,16.86,-82.31,-82.31,-10.99,18.05,-82.06,-82.06,-10.87,17.19,164394,,,,,,,,,,,,,,,,,,,,1,11
32409007,C00F,2,06/29/2026,16:19:08:754,2,00/00/0000,00:00:00:000,,38.903417,-77.006245,0.00,0,0.00,,,67,0,0,-57.5,-57.5,,,538,1935.850000,20,15,A,1,1,0,0,822232,-81.78,-81.78,-10.96,17.02,-81.79,-81.79,-11,15.87,0,17.37,-82.36,-82.36,-11.06,16.21,-81.96,-81.96,-10.84,17,164394,,,,,,,,,,,,,,,,,,,,1,11
32409007,C00F,2,06/29/2026,16:20:58:095,2,00/00/0000,00:00:00:000,,38.903341,-77.005931,0.00,0,0.00,,,68,0,0,-75.5,-75.5,,,538,1935.850000,20,15,A,2,2,0,0,822200,-103.27,-103.27,-14.04,0.5,-103.72,-103.72,-14.38,-0.5,0,0.09,-102.48,-102.48,-13.49,2.6,-103.14,-103.14,-14.05,0.87,6C4394,6E88100A098849813FB800530EE4056826234904FEE0014C3B9015000C50010810C04A0818014000004E653CA10F9B82010000008400020834201A8510019C20605A59E000004EE5CA7942D22D007AC0D4419900204BCE08DC21B8637106FB65F186963C805455EE4314410E00000000,310;311,260;490,Stand Alone,15,1937.500000,5238272,5573939221,Yes,,,0C04080010275EA000000000,12,04,08,00,10,39,5EA000000000,2,11
32409007,C00F,2,06/29/2026,16:20:58:101,2,00/00/0000,00:00:00:000,,38.903356,-77.006019,0.00,0,0.00,,,69,0,0,-76,-76,,,538,1935.850000,20,15,A,2,2,0,0,822200,-103.7,-103.7,-13.27,1.79,-104.29,-104.29,-13.71,1.29,0,2.1,-102.66,-102.66,-13.41,2.57,-103.51,-103.51,-13.86,2.28,6C4394,,,,,,,,,,,,,,,,,,,,2,11
32409007,C00F,2,06/29/2026,16:20:58:101,2,00/00/0000,00:00:00:000,,38.903372,-77.006108,0.00,0,0.00,,,70,0,0,-76.8,-76.8,,,538,1935.850000,20,15,A,2,2,0,0,822200,-104.35,-104.35,-12.45,4.41,-104.58,-104.58,-12.6,3.59,0,4.89,-102.94,-102.94,-13.1,4.9,-103.91,-103.91,-13.46,4.89,6C4394,,,,,,,,,,,,,,,,,,,,2,11
32409007,C00F,2,06/29/2026,16:20:58:101,2,00/00/0000,00:00:00:000,,38.903387,-77.006196,0.00,0,0.00,,,71,0,0,-77.1,-77.1,,,538,1935.850000,20,15,A,2,2,0,0,822200,-103.89,-103.89,-11.61,8.25,-103.91,-103.91,-11.83,6.85,0,8.49,-102.6,-102.6,-12.5,5.25,-103.44,-103.44,-12.73,6.93,6C4394,,,,,,,,,,,,,,,,,,,,2,11
32409007,C00F,2,06/29/2026,16:22:16:257,2,00/00/0000,00:00:00:000,,38.903403,-77.006285,0.00,0,0.00,,,72,0,0,-64,-64,,,538,1935.850000,20,15,A,1,1,0,0,822060,-88.53,-88.53,-11.15,12.41,-88.53,-88.53,-11.15,12.91,0,13.65,-88.72,-88.72,-10.98,14.43,-88.59,-88.59,-10.98,13.88,3E4394,6E88100A098849813FB800530EE4056826234904FEE0014C3B9015000C50010810C04A0818014000004E653CA10F9B82010000008400020834201A8510019C20605A59E000004EE5CA7942D22D007AC0D4419900204BCE08DC21B8637106FB65F186963C805455EE4314410E00000000,310;311,260;490,Stand Alone,15,1937.500000,5238272,5573939221,Yes,,,0C04080010275F6000000000,12,04,08,00,10,39,5F6000000000,1,11
32409007,C00F,2,06/29/2026,16:22:16:264,2,00/00/0000,00:00:00:000,,38.903396,-77.006302,0.00,0,0.00,,,73,0,0,-63.9,-63.9,,,538,1935.850000,20,15,A,1,1,0,0,822060,-88.46,-88.46,-11.13,12.86,-88.4,-88.4,-11.12,13.27,0,14.06,-88.7,-88.7,-11.1,14,-88.51,-88.51,-11.02,14.05,3E4394,,,,,,,,,,,,,,,,,,,,1,11
32409007,C00F,2,06/29/2026,16:22:16:264,2,00/00/0000,00:00:00:000,,38.903389,-77.006319,0.00,0,0.00,,,74,0,0,-63.8,-63.8,,,538,1935.850000,20,15,A,1,1,0,0,822060,-88.44,-88.44,-11.14,12.52,-88.41,-88.41,-11.13,13.14,0,13.82,-88.51,-88.51,-11.02,14.8,-88.45,-88.45,-11.03,14.11,3E4394,,,,,,,,,,,,,,,,,,,,1,11
32409007,C00F,2,06/29/2026,16:22:16:264,2,00/00/0000,00:00:00:000,,38.903383,-77.006336,0.00,0,0.00,,,75,0,0,-64,-64,,,538,1935.850000,20,15,A,1,1,0,0,822060,-88.51,-88.51,-11.13,12.97,-88.58,-88.58,-11.16,12.73,0,13.85,-89.03,-89.03,-11.29,13.98,-88.69,-88.69,-11.08,13.89,3E4394,,,,,,,,,,,,,,,,,,,,1,11
32409007,C00F,2,06/29/2026,16:24:04:339,2,00/00/0000,00:00:00:000,,38.903268,-77.005749,0.00,0,0.00,,,76,0,0,-58.9,-58.9,,,538,1935.850000,20,15,A,2,2,0,0,822072,-85.66,-85.66,-13.73,0.7,-86.23,-86.23,-14.15,-0.08,0,0.42,-85.83,-85.83,-12.99,3.13,-85.9,-85.9,-13.36,1.13,044394,6E88100A098849813FB800530EE4056826234904FEE0014C3B9015000C50010810C04A0818014000004E653CA10F9B82010000008400020834201A8510019C20605A59E000004EE5CA7942D22D007AC0D4419900204BCE08DC21B8637106FB65F186963C805455EE4314410E00000000,310;311,260;490,Stand Alone,15,1937.500000,5238272,5573939221,Yes,,,0C04080010275EA000000000,12,04,08,00,10,39,5EA000000000,2,11
32409007,C00F,2,06/29/2026,16:24:04:345,2,00/00/0000,00:00:00:000,,38.903267,-77.005770,0.00,0,0.00,,,77,0,0,-58.6,-58.6,,,538,1935.850000,20,15,A,2,2,0,0,822072,-85.68,-85.68,-13.79,0.56,-86.18,-86.18,-14.11,0.01,0,0.39,-85.44,-85.44,-13.03,3.03,-85.76,-85.76,-13.51,1.13,044394,,,,,,,,,,,,,,,,,,,,2,11
32409007,C00F,2,06/29/2026,16:24:04:345,2,00/00/0000,00:00:00:000,,38.903265,-77.005791,0.00,0,0.00,,,78,0,0,-58.8,-58.8,,,538,1935.850000,20,15,A,2,2,0,0,822072,-85.67,-85.67,-13.81,0.53,-86.3,-86.3,-14.22,-0.2,0,0.27,-86.28,-86.28,-13.67,1.73,-86.07,-86.07,-13.69,0.67,044394,,,,,,,,,,,,,,,,,,,,2,11
32409007,C00F,2,06/29/2026,16:24:04:345,2,00/00/0000,00:00:00:000,,38.903264,-77.005813,0.00,0,0.00,,,79,0,0,-58.9,-58.9,,,538,1935.850000,20,15,A,2,2,0,0,822072,-86.07,-86.07,-13.87,0.39,-86.45,-86.45,-14.18,-0.12,0,0.23,-86.05,-86.05,-13.28,2.81,-86.19,-86.19,-13.61,0.93,044394,,,,,,,,,,,,,,,,,,,,2,11
32409007,C00F,2,06/29/2026,16:25:34:298,2,00/00/0000,00:00:00:000,,38.903262,-77.005834,0.00,0,0.00,,,80,0,0,-57.1,-57.1,,,538,1935.850000,20,15,A,2,2,0,0,821976,-83.48,-83.48,-12.36,4.14,-83.17,-83.17,-12.29,4.71,0,5.33,-82.5,-82.5,-11.94,7.39,-83.04,-83.04,-12.34,5.97,684394,6E88100A098849813FB800530EE4056826234904FEE0014C3B9015000C50010810C04A0818014000004E653CA10F9B82010000008400020834201A8510019C20605A59E000004EE5CA7942D22D007AC0D4419900204BCE08DC21B8637106FB65F186963C805455EE4314410E00000000,310;311,260;490,Stand Alone,15,1937.500000,5238272,5573939221,Yes,,,0C04080010275EA000000000,12,04,08,00,10,39,5EA000000000,2,11
32409007,C00F,2,06/29/2026,16:25:34:311,2,00/00/0000,00:00:00:000,,38.903274,-77.005899,0.00,0,0.00,,,81,0,0,-57,-57,,,538,1935.850000,20,15,A,2,2,0,0,821976,-83.04,-83.04,-12.24,4.62,-83.03,-83.03,-12.27,4.83,0,5.62,-83.23,-83.23,-12.74,6.25,-83.1,-83.1,-12.51,5.81,6A4394,,,,,,,,,,,,,,,,,,,,2,11
32409007,C00F,2,06/29/2026,16:25:34:312,2,00/00/0000,00:00:00:000,,38.903285,-77.005964,0.00,0,0.00,,,82,0,0,-57,-57,,,538,1935.850000,20,15,A,2,2,0,0,821976,-83.4,-83.4,-12.36,4.15,-83.17,-83.17,-12.31,4.68,0,5.32,-82.64,-82.64,-12.12,7.1,-83.06,-83.06,-12.4,5.87,6A4394,,,,,,,,,,,,,,,,,,,,2,11
32409007,C00F,2,06/29/2026,16:25:34:312,2,00/00/0000,00:00:00:000,,38.903296,-77.006029,0.00,0,0.00,,,83,0,0,-57,-57,,,538,1935.850000,20,15,A,2,2,0,0,821976,-83.08,-83.08,-12.25,4.63,-83.11,-83.11,-12.29,4.71,0,5.57,-82.64,-82.64,-12.09,7.81,-82.94,-82.94,-12.3,6.22,6A4394,,,,,,,,,,,,,,,,,,,,2,11
32409007,C00F,2,06/29/2026,16:27:25:051,2,00/00/0000,00:00:00:000,,38.903324,-77.006193,0.00,0,0.00,,,84,0,0,-73.3,-73.3,,,538,1935.850000,20,15,A,1,1,0,0,821968,-100.65,-100.65,-13.45,1.29,-100.74,-100.74,-13.52,1.65,128,2.27,-100.51,-100.51,-13.75,2.19,-100.63,-100.63,-13.72,2.24,524394,6E88100A098849813FB800530EE4056826234904FEE0014C3B9015000C50010810C04A0818014000004E653CA10F9B82010000008400020834201A8510019C20605A59E000004EE5CA7942D22D007AC0D4419900204BCE08DC21B8637106FB65F186963C805455EE4314410E00000000,310;311,260;490,Stand Alone,15,1937.500000,5238272,5573939221,Yes,,,0C04080010275EA000000000,12,04,08,00,10,39,5EA000000000,1,11
32409007,C00F,2,06/29/2026,16:27:25:057,2,00/00/0000,00:00:00:000,,38.903354,-77.006357,0.00,0,0.00,,,85,0,0,-74.2,-74.2,,,538,1935.850000,20,15,A,1,1,0,0,821968,-103.9,-103.9,-15.53,-1.49,-104.12,-104.12,-15.64,-1.52,96,-2.31,-101.21,-101.21,-13.59,2.01,-102.9,-102.9,-15.03,-0.76,524394,,,,,,,,,,,,,,,,,,,,1,11
32409007,C00F,2,06/29/2026,16:27:25:057,2,00/00/0000,00:00:00:000,,38.903383,-77.006521,0.00,0,0.00,,,86,0,0,-75.5,-75.5,,,538,1935.850000,20,15,A,1,1,0,0,821968,-109.45,-109.45,-19.97,-8.26,-109.37,-109.37,-20.07,-8.52,128,-8.3,-104.61,-104.61,-15.54,-5.19,-107.17,-107.17,-18,-6.51,524394,,,,,,,,,,,,,,,,,,,,1,11
32409007,C00F,2,06/29/2026,16:27:25:057,2,00/00/0000,00:00:00:000,,38.903412,-77.006684,0.00,0,0.00,,,87,0,0,-75.2,-75.2,,,538,1935.850000,20,15,A,1,1,0,0,821968,-108.31,-108.31,-19.73,-7.12,-107.59,-107.59,-19.09,-6.7,96,-7.22,-105.22,-105.22,-16.18,-7.24,-106.83,-106.83,-17.97,-6.88,524394,,,,,,,,,,,,,,,,,,,,1,11
32409007,C00F,2,06/29/2026,16:29:02:440,2,00/00/0000,00:00:00:000,,38.903442,-77.006848,0.00,0,0.00,,,88,0,0,-67,-67,,,538,1935.850000,20,15,A,1,1,0,0,821936,-92.91,-92.91,-11.51,9.55,-93.06,-93.06,-11.78,7.15,0,9.21,-91.66,-91.66,-11.34,10.11,-92.51,-92.51,-11.86,9.54,124394,6E88100A098849813FB800530EE4056826234904FEE0014C3B9015000C50010810C04A0818014000004E653CA10F9B82010000008400020834201A8510019C20605A59E000004EE5CA7942D22D007AC0D4419900204BCE08DC21B8637106FB65F186963C805455EE4314410E00000000,310;311,260;490,Stand Alone,15,1937.500000,5238272,5573939221,Yes,,,0C04080010275EA000000000,12,04,08,00,10,39,5EA000000000,1,11
32409007,C00F,2,06/29/2026,16:29:02:447,2,00/00/0000,00:00:00:000,,38.903471,-77.007011,0.00,0,0.00,,,89,0,0,-66.3,-66.3,,,538,1935.850000,20,15,A,1,1,0,0,821936,-91.87,-91.87,-11.35,11,-92.04,-92.04,-11.57,8.17,0,10.39,-91.04,-91.04,-11.43,11.06,-91.64,-91.64,-11.75,10.62,124394,,,,,,,,,,,,,,,,,,,,1,11
32409007,C00F,2,06/29/2026,16:29:02:447,2,00/00/0000,00:00:00:000,,38.903500,-77.007175,0.00,0,0.00,,,90,0,0,-65.5,-65.5,,,538,1935.850000,20,15,A,1,1,0,0,821936,-91.01,-91.01,-11.25,12.06,-91.14,-91.14,-11.46,9.15,0,11.39,-89.96,-89.96,-11.15,12.92,-90.69,-90.69,-11.58,11.91,144394,,,,,,,,,,,,,,,,,,,,1,11
32409007,C00F,2,06/29/2026,16:29:02:447,2,00/00/0000,00:00:00:000,,38.903530,-77.007339,0.00,0,0.00,,,91,0,0,-65,-65,,,538,1935.850000,20,15,A,1,1,0,0,821936,-90.17,-90.17,-11.18,12.82,-90.32,-90.32,-11.34,10.28,0,12.39,-89.82,-89.82,-11.39,13.1,-90.1,-90.1,-11.48,12.62,144394,,,,,,,,,,,,,,,,,,,,1,11
32409007,C00F,2,06/29/2026,16:30:50:952,2,00/00/0000,00:00:00:000,,38.903559,-77.007502,0.00,0,0.00,,,92,0,0,-67.2,-67.2,,,538,1935.850000,20,15,A,1,1,0,0,821944,-93.62,-93.62,-11.53,9.27,-94.16,-94.16,-11.88,6.85,0,8.96,-91.78,-91.78,-11.53,11.53,-93.09,-93.09,-12.27,9.9,604394,6E88100A098849813FB800530EE4056826234904FEE0014C3B9015000C50010810C04A0818014000004E653CA10F9B82010000008400020834201A8510019C20605A59E000004EE5CA7942D22D007AC0D4419900204BCE08DC21B8637106FB65F186963C805455EE4314410E00000000,310;311,260;490,Stand Alone,15,1937.500000,5238272,5573939221,Yes,,,0C04080010275EA000000000,12,04,08,00,10,39,5EA000000000,1,11
32409007,C00F,2,06/29/2026,16:30:50:958,2,00/00/0000,00:00:00:000,,38.903562,-77.007492,0.00,0,0.00,,,93,0,0,-67.4,-67.4,,,538,1935.850000,20,15,A,1,1,0,0,821944,-94.06,-94.06,-11.5,9.27,-94.4,-94.4,-11.88,6.61,0,8.79,-91.78,-91.78,-11.33,12.7,-93.28,-93.28,-12.23,10.15,604394,,,,,,,,,,,,,,,,,,,,1,11
32409007,C00F,2,06/29/2026,16:30:50:959,2,00/00/0000,00:00:00:000,,38.903566,-77.007481,0.00,0,0.00,,,94,0,0,-67.4,-67.4,,,538,1935.850000,20,15,A,1,1,0,0,821944,-93.86,-93.86,-11.44,9.67,-94.26,-94.26,-11.89,6.66,0,8.98,-92.01,-92.01,-11.59,11.36,-93.29,-93.29,-12.29,9.85,604394,,,,,,,,,,,,,,,,,,,,1,11
32409007,C00F,2,06/29/2026,16:30:50:959,2,00/00/0000,00:00:00:000,,38.903569,-77.007470,0.00,0,0.00,,,95,0,0,-67.7,-67.7,,,538,1935.850000,20,15,A,1,1,0,0,821944,-94.33,-94.33,-11.53,8.87,-94.71,-94.71,-11.95,6.24,0,8.41,-91.97,-91.97,-11.19,12.57,-93.53,-93.53,-12.14,9.86,604394,,,,,,,,,,,,,,,,,,,,1,11
32409007,C00F,2,06/29/2026,16:34:00:664,2,00/00/0000,00:00:00:000,,38.903460,-77.006826,0.00,0,0.00,,,100,0,0,-82.5,-82.5,,,538,1935.850000,20,15,A,2,2,0,0,821816,-110.06,-110.06,-13.14,1.96,-110.19,-110.19,-13.86,0.76,0,1.84,-109.3,-109.3,-13.29,1.83,-109.84,-109.84,-13.63,1.84,224394,6E88100A098849813FB800530EE4056826234904FEE0014C3B9015000C50010810C04A0818014000004E653CA10F9B82010000008400020834201A8510019C20605A59E000004EE5CA7942D22D007AC0D4419900204BCE08DC21B8637106FB65F186963C805455EE4314410E00000000,310;311,260;490,Stand Alone,15,1937.500000,5238272,5573939221,Yes,,,0C04080010275F6000000000,12,04,08,00,10,39,5F6000000000,2,11
32409007,C00F,2,06/29/2026,16:34:00:670,2,00/00/0000,00:00:00:000,,38.903462,-77.006778,0.00,0,0.00,,,101,0,0,-82.3,-82.3,,,538,1935.850000,20,15,A,2,2,0,0,821816,-109.67,-109.67,-12.78,3.27,-110.09,-110.09,-13.79,0.88,0,2.49,-109.01,-109.01,-13.28,3.75,-109.58,-109.58,-13.57,2.91,224394,,,,,,,,,,,,,,,,,,,,2,11
32409007,C00F,2,06/29/2026,16:34:00:670,2,00/00/0000,00:00:00:000,,38.903465,-77.006730,0.00,0,0.00,,,102,0,0,-82,-82,,,538,1935.850000,20,15,A,2,2,0,0,821816,-110.55,-110.55,-13.25,2.16,-111.6,-111.6,-16.45,-2.99,128,-1.25,-111.29,-111.29,-15.85,-2.08,-111.12,-111.12,-15.46,-1.53,224394,,,,,,,,,,,,,,,,,,,,2,11
32409007,C00F,2,06/29/2026,16:34:00:670,2,00/00/0000,00:00:00:000,,38.903467,-77.006682,0.00,0,0.00,,,103,0,0,-81.9,-81.9,,,538,1935.850000,20,15,A,2,2,0,0,821816,-110.63,-110.63,-13.23,1.69,-112.05,-112.05,-17.59,-4.86,0,2.49,-111.15,-111.15,-15.58,-2.35,-112.67,-112.67,-17.07,-0.37,244394,,,,,,,,,,,,,,,,,,,,2,11
32409007,C00F,2,06/29/2026,16:35:12:672,2,00/00/0000,00:00:00:000,,38.903470,-77.006634,0.00,0,0.00,,,104,0,0,-88,-88,,,538,1935.850000,20,15,A,1,1,0,0,821744,-114.52,-114.52,-11.78,7.49,-114.79,-114.79,-12.13,5.97,96,7.63,-113.09,-113.09,-11.85,8.07,-114.09,-114.09,-12.4,7.8,264394,6E88100A098849813FB800530EE4056826234904FEE0014C3B9015000C50010810C04A0818014000004E653CA10F9B82010000008400020834201A8510019C20605A59E000004EE5CA7942D22D007AC0D4419900204BCE08DC21B8637106FB65F186963C805455EE4314410E00000000,310;311,260;490,Stand Alone,15,1937.500000,5238272,5573939221,Yes,,,0C04080010275EA000000000,12,04,08,00,10,39,5EA000000000,1,11
32409007,C00F,2,06/29/2026,16:35:12:678,2,00/00/0000,00:00:00:000,,38.903482,-77.006634,0.00,0,0.00,,,105,0,0,-88.3,-88.3,,,538,1935.850000,20,15,A,1,1,0,0,821744,-113.85,-113.85,-11.67,8.03,-114.11,-114.11,-11.72,7.97,96,9,-113.85,-113.85,-12.13,7.68,-113.93,-113.93,-12.03,8.52,264394,,,,,,,,,,,,,,,,,,,,1,11
32409007,C00F,2,06/29/2026,16:35:12:678,2,00/00/0000,00:00:00:000,,38.903494,-77.006635,0.00,0,0.00,,,106,0,0,-88.9,-88.9,,,538,1935.850000,20,15,A,1,1,0,0,821744,-113.66,-113.66,-11.62,8.38,-113.9,-113.9,-11.69,8.04,64,9.21,-114.99,-114.99,-12.22,6.86,-114.13,-114.13,-11.6,8.46,264394,,,,,,,,,,,,,,,,,,,,1,11
32409007,C00F,2,06/29/2026,16:35:12:678,2,00/00/0000,00:00:00:000,,38.903506,-77.006635,0.00,0,0.00,,,107,0,0,-88.4,-88.4,,,538,1935.850000,20,15,A,1,1,0,0,821744,-112.6,-112.6,-11.39,9.48,-112.76,-112.76,-11.64,7.51,64,9.4,-114.59,-114.59,-11.94,7.75,-113.21,-113.21,-11.13,8.96,264394,,,,,,,,,,,,,,,,,,,,1,11
32409007,C00F,2,06/29/2026,16:36:50:755,2,00/00/0000,00:00:00:000,,38.903480,-77.006367,0.00,0,0.00,,,108,0,0,-87.9,-87.9,,,538,1935.850000,20,15,A,1,1,0,0,821752,-113.75,-113.75,-12.63,3.38,-113.5,-113.5,-12.58,3.66,0,4.42,-116.07,-116.07,-14.32,0.24,-114.27,-114.27,-12.78,3.14,704394,6E88100A098849813FB800530EE4056826234904FEE0014C3B9015000C50010810C04A0818014000004E653CA10F9B82010000008400020834201A8510019C20605A59E000004EE5CA7942D22D007AC0D4419900204BCE08DC21B8637106FB65F186963C805455EE4314410E00000000,310;311,260;490,Stand Alone,15,1937.500000,5238272,5573939221,Yes,,,0C04080010275F6000000000,12,04,08,00,10,39,5F6000000000,1,11
32409007,C00F,2,06/29/2026,16:36:50:761,2,00/00/0000,00:00:00:000,,38.903495,-77.006438,0.00,0,0.00,,,109,0,0,-86.4,-86.4,,,538,1935.850000,20,15,A,1,1,0,0,821752,-111.66,-111.66,-11.91,6.01,-111.53,-111.53,-11.84,6.59,0,7.24,-113.16,-113.16,-12.92,3.93,-112.03,-112.03,-11.99,6.16,724394,,,,,,,,,,,,,,,,,,,,1,11
32409007,C00F,2,06/29/2026,16:36:50:761,2,00/00/0000,00:00:00:000,,38.903510,-77.006509,0.00,0,0.00,,,110,0,0,-84.1,-84.1,,,538,1935.850000,20,15,A,1,1,0,0,821752,-109.22,-109.22,-11.35,10.07,-109.15,-109.15,-11.4,9.54,96,10.79,-109.16,-109.16,-11.42,11.22,-109.18,-109.18,-11.42,10.93,724394,,,,,,,,,,,,,,,,,,,,1,11
32409007,C00F,2,06/29/2026,16:36:50:761,2,00/00/0000,00:00:00:000,,38.903524,-77.006580,0.00,0,0.00,,,111,0,0,-82.9,-82.9,,,538,1935.850000,20,15,A,1,1,0,0,821752,-108.2,-108.2,-11.25,11.02,-108.49,-108.49,-11.24,11.38,96,12.19,-107.68,-107.68,-11.4,11.29,-108.12,-108.12,-11.58,11.85,724394,,,,,,,,,,,,,,,,,,,,1,11
32409007,C00F,2,06/29/2026,16:37:57:655,2,00/00/0000,00:00:00:000,,38.903539,-77.006652,0.00,0,0.00,,,112,0,0,-86.6,-86.6,,,538,1935.850000,20,15,A,2,2,0,0,821688,-115.59,-115.59,-13.74,0.75,-115.24,-115.24,-14.69,-0.62,128,-0.21,-113.49,-113.49,-13.62,2.21,-114.7,-114.7,-14.42,0.65,344394,6E88100A098849813FB800530EE4056826234904FEE0014C3B9015000C50010810C04A0818014000004E653CA10F9B82010000008400020834201A8510019C20605A59E000004EE5CA7942D22D007AC0D4419900204BCE08DC21B8637106FB65F186963C805455EE4314410E00000000,310;311,260;490,Stand Alone,15,1937.500000,5238272,5573939221,Yes,,,0C04080010275F6000000000,12,04,08,00,10,39,5F6000000000,2,11
32409007,C00F,2,06/29/2026,16:37:57:661,2,00/00/0000,00:00:00:000,,38.903552,-77.006657,0.00,0,0.00,,,113,0,0,-86.4,-86.4,,,538,1935.850000,20,15,A,2,2,0,0,821688,-116.11,-116.11,-14.62,-0.95,-115.56,-115.56,-14.77,-0.7,0,-0.99,-114.01,-114.01,-14.41,1.08,-115.15,-115.15,-15.09,-0.24,344394,,,,,,,,,,,,,,,,,,,,2,11
32409007,C00F,2,06/29/2026,16:37:57:661,2,00/00/0000,00:00:00:000,,38.903564,-77.006662,0.00,0,0.00,,,114,0,0,-86.3,-86.3,,,538,1935.850000,20,15,A,2,2,0,0,821688,-115.89,-115.89,-14.56,-0.72,-115.65,-115.65,-15.22,-1.4,0,-1.27,-115.55,-115.55,-16.01,-1.91,-115.7,-115.7,-15.75,-1.49,344394,,,,,,,,,,,,,,,,,,,,2,11
32409007,C00F,2,06/29/2026,16:37:57:661,2,00/00/0000,00:00:00:000,,38.903577,-77.006667,0.00,0,0.00,,,115,0,0,-85.7,-85.7,,,538,1935.850000,20,15,A,2,2,0,0,821688,-116.03,-116.03,-15.78,-1.97,-116.09,-116.09,-16.04,-2.2,128,-2.89,-114.33,-114.33,-15.39,-1.17,-115.43,-115.43,-16.11,-2.26,344394,,,,,,,,,,,,,,,,,,,,2,11
32409007,C00F,2,06/29/2026,16:39:40:955,2,00/00/0000,00:00:00:000,,38.903597,-77.006707,0.00,0,0.00,,,116,0,0,-90.6,-90.6,,,538,1935.850000,20,15,A,1,1,0,0,821688,-116.64,-116.64,-12.87,3.08,-116.96,-116.96,-13.03,3.06,0,3.87,-117.74,-117.74,-13.36,2.47,-117.08,-117.08,-12.89,3.44,404394,6E88100A098849813FB800530EE4056826234904FEE0014C3B9015000C50010810C04A0818014000004E653CA10F9B82010000008400020834201A8510019C20605A59E000004EE5CA7942D22D007AC0D4419900204BCE08DC21B8637106FB65F186963C805455EE4314410E00000000,310;311,260;490,Stand Alone,15,1937.500000,5238272,5573939221,Yes,,,0C04080010275EA000000000,12,04,08,00,10,39,5EA000000000,1,11
32409007,C00F,2,06/29/2026,16:39:40:964,2,00/00/0000,00:00:00:000,,38.903591,-77.006647,0.00,0,0.00,,,117,0,0,-91.5,-91.5,,,538,1935.850000,20,15,A,1,1,0,0,821688,-117.86,-117.86,-12.39,5.23,-117.61,-117.61,-12.76,3.18,0,4.95,-117.28,-117.28,-12.2,4.64,-117.58,-117.58,-12.48,4.84,404394,,,,,,,,,,,,,,,,,,,,1,11
32409007,C00F,2,06/29/2026,16:39:40:964,2,00/00/0000,00:00:00:000,,38.903585,-77.006587,0.00,0,0.00,,,118,0,0,-91.6,-91.6,,,538,1935.850000,20,15,A,1,1,0,0,821688,-118.36,-118.36,-13.02,3.59,-118.02,-118.02,-12.9,3.18,32,4.27,-118.82,-118.82,-13.52,2.86,-118.38,-118.38,-13.11,3.81,424394,,,,,,,,,,,,,,,,,,,,1,11
32409007,C00F,2,06/29/2026,16:39:40:964,2,00/00/0000,00:00:00:000,,38.903579,-77.006527,0.00,0,0.00,,,119,0,0,-92.3,-92.3,,,538,1935.850000,20,15,A,1,1,0,0,821688,-120.18,-120.18,-13.44,1.94,-119.41,-119.41,-12.97,3.24,0,3.44,-118.56,-118.56,-13.04,4.44,-119.35,-119.35,-13.48,3.8,424394,,,,,,,,,,,,,,,,,,,,1,11
32409007,C00F,2,06/29/2026,16:40:49:511,2,00/00/0000,00:00:00:000,,38.903597,-77.006472,0.00,0,0.00,,,120,0,0,-84.9,-84.9,,,538,1935.850000,20,15,A,1,1,0,0,821580,-112.76,-112.76,-13.25,2.18,-113.86,-113.86,-16.89,-3.48,224,-1.55,-113.26,-113.26,-14.38,0.21,-113.27,-113.27,-14.7,-1.05,1A4394,6E88100A098849813FB800530EE4056826234904FEE0014C3B9015000C50010810C04A0818014000004E653CA10F9B82010000008400020834201A8510019C20605A59E000004EE5CA7942D22D007AC0D4419900204BCE08DC21B8637106FB65F186963C805455EE4314410E00000000,310;311,260;490,Stand Alone,15,1937.500000,5238272,5573939221,Yes,,,0C04080010275F6000000000,12,04,08,00,10,39,5F6000000000,1,11
32409007,C00F,2,06/29/2026,16:40:49:522,2,00/00/0000,00:00:00:000,,38.903597,-77.006472,0.00,0,0.00,,,121,0,0,-86.7,-86.7,,,538,1935.850000,20,15,A,1,1,0,0,821580,-112.6,-112.6,-12.42,4.13,-111.58,-111.58,-12.97,2.96,32,4.27,-113.93,-113.93,-12.95,3.94,-112.57,-112.57,-12.24,4.19,1A4394,,,,,,,,,,,,,,,,,,,,1,11
32409007,C00F,2,06/29/2026,16:40:49:522,2,00/00/0000,00:00:00:000,,38.903597,-77.006472,0.00,0,0.00,,,122,0,0,-87.3,-87.3,,,538,1935.850000,20,15,A,1,1,0,0,821580,-112.31,-112.31,-12,6.05,-112.18,-112.18,-13.01,2.67,128,4.87,-113.74,-113.74,-11.99,4.78,-112.67,-112.67,-11.74,4.85,1A4394,,,,,,,,,,,,,,,,,,,,1,11
32409007,C00F,2,06/29/2026,16:40:49:522,2,00/00/0000,00:00:00:000,,38.903597,-77.006472,0.00,0,0.00,,,123,0,0,-87.3,-87.3,,,538,1935.850000,20,15,A,1,1,0,0,821580,-112.73,-112.73,-12.15,5.29,-112.19,-112.19,-12.7,3.48,128,5.13,-114.44,-114.44,-12.98,4.24,-113,-113,-12.1,4.91,1A4394,,,,,,,,,,,,,,,,,,,,1,11
32409007,C00F,2,06/29/2026,16:42:57:128,2,00/00/0000,00:00:00:000,,38.903597,-77.006472,0.00,0,0.00,,,124,0,0,-76.3,-76.3,,,538,1935.850000,20,15,A,2,2,0,0,821592,-101.68,-101.68,-12.35,4.65,-103.03,-103.03,-13.34,1.84,0,4.08,-104.55,-104.55,-14.33,0,-102.91,-102.91,-12.95,2.8,364394,6E88100A098849813FB800530EE4056826234904FEE0014C3B9015000C50010810C04A0818014000004E653CA10F9B82010000008400020834201A8510019C20605A59E000004EE5CA7942D22D007AC0D4419900204BCE08DC21B8637106FB65F186963C805455EE4314410E00000000,310;311,260;490,Stand Alone,15,1937.500000,5238272,5573939221,Yes,,,0C04080010275F6000000000,12,04,08,00,10,39,5F6000000000,2,11
32409007,C00F,2,06/29/2026,16:42:57:194,2,00/00/0000,00:00:00:000,,38.903597,-77.006472,0.00,0,0.00,,,125,0,0,-76.7,-76.7,,,538,1935.850000,20,15,A,2,2,0,0,821592,-102.06,-102.06,-12.38,4.68,-103.16,-103.16,-13.23,2.01,0,4.15,-107.27,-107.27,-16.56,-3.13,-103.61,-103.61,-13.24,2.11,364394,,,,,,,,,,,,,,,,,,,,2,11
32409007,C00F,2,06/29/2026,16:42:57:194,2,00/00/0000,00:00:00:000,,38.903597,-77.006472,0.00,0,0.00,,,126,0,0,-75.7,-75.7,,,538,1935.850000,20,15,A,2,2,0,0,821592,-101.28,-101.28,-12.5,4.2,-102.02,-102.02,-13.1,2.61,0,4.25,-104.03,-104.03,-14.33,-0.81,-102.27,-102.27,-12.88,2.57,364394,,,,,,,,,,,,,,,,,,,,2,11
32409007,C00F,2,06/29/2026,16:42:57:194,2,00/00/0000,00:00:00:000,,38.903597,-77.006472,0.00,0,0.00,,,127,0,0,-76.2,-76.2,,,538,1935.850000,20,15,A,2,2,0,0,821592,-101.89,-101.89,-12.44,4.35,-102.47,-102.47,-13.14,1.79,0,3.81,-104.52,-104.52,-14.4,0.49,-102.8,-102.8,-12.95,2.85,364394,,,,,,,,,,,,,,,,,,,,2,11
