ESN,Protocol,Band,System Date,System Time,GPS Status,UTC Date,UTC Time,Fix Time,Latitude,Longitude,Altitude,Number of Satellites,Velocity,Absolute Time Stamp Date,Absolute Time Stamp Time,Loop Count,Antenna Gain,Cable Loss,SSB RSSI,Adjusted SSB RSSI,SSB RSSI2,Adjusted SSB RSSI2,Cell ID,Channel Frequency,Repetition Period,Subcarrier Spacing,Repetition Pattern,PCIs,Beams,Beam Index,Half Frame Number,Time Offset,PSS_RP,Adjusted PSS_RP,PSS_RQ,PSS_CINR,SSS_RP,Adjusted SSS_RP,SSS_RQ,SSS_CINR,SSS_DELAY_SPREAD,SS_CINR,RSPBCH_RP,Adjusted RSPBCH_RP,RSPBCH_RQ,RSPBCH_CINR,SSB_RP,Adjusted SSB_RP,SSB_RQ,SSB_CINR,MIB Raw,SIB1 Raw,MCC,MNC,Operation Mode,Bandwidth,fCarrier,TAC,Cell Identity,RedCap,TD Pattern,TD Pattern(Full),SIB1 DECODE Raw,Block Length,k_SSB,AL,Candidate,DCI type,DCI length,DCI Contents
32409007,C00F,41,06/29/2026,15:55:51:809,2,00/00/0000,00:00:00:000,,38.903706,-77.007056,0.00,0,0.00,,,4,0,0,-85.3,-85.3,,,283,2510.550000,20,30,C,2,2,1,0,849296,-108.7,-108.7,-11.07,13.97,-109.7,-109.7,-11.72,7.82,48,11.2,-111.6,-111.6,-12.49,5.05,-109.81,-109.81,-11.2,8.99,610624,6E80160A098849813FB80050C5584DE826234904FEE00143156137000C50030810C04B082802000002F46407330F9B82010000008400020834601440350A22010400005E9E3901CCDA41203A981AA833200DF17BC11B84370C6E20DC51B8C37206E48DF64BE28DAC78809300330118080C020100001395EE43000000,310;311,260;490,Stand Alone,90,2545.290000,5238272,5420441911,No,DDDFUU (3ms) | DDDD (2ms),D3-d3-f8u3-U2 | D4,0C00080010275FF600000000,12,00,08,00,10,39,5FF600000000
32409007,C00F,41,06/29/2026,15:55:51:809,2,00/00/0000,00:00:00:000,,38.903706,-77.007056,0.00,0,0.00,,,4,0,0,-85.3,-85.3,,,272,2510.550000,20,30,C,2,2,2,0,884480,-112.32,-112.32,-11.33,11.4,-112.44,-112.44,-11.79,7.95,96,10.37,-112.88,-112.88,-12.2,5.85,-112.53,-112.53,-11.8,8.49,610624,6E80160A098849813FB80050C5584E6826234904FEE00143156139000C50010810C04B082802000002F46407330F9B82010000008400020834601440350A22010400005E9E3901CCDA41203A981AA8332001217BC11B84370C6E20DC51B8C37206E48DF64BE2882C78409300330118080C020100001395EE43000000,310;311,260;490,Stand Alone,90,2545.290000,5238272,5420441913,No,DDDFUU (3ms) | DDDD (2ms),D3-d3-f8u3-U2 | D4,0C00080010275FF600000000,12,00,08,00,10,39,5FF600000000
32409007,C00F,41,06/29/2026,15:55:51:824,2,00/00/0000,00:00:00:000,,38.903701,-77.007017,0.00,0,0.00,,,5,0,0,-85.2,-85.2,,,283,2510.550000,20,30,C,2,2,1,0,849296,-108.53,-108.53,-11.1,13.85,-109.33,-109.33,-11.62,8.45,48,11.58,-111.43,-111.43,-12.27,5.34,-109.57,-109.57,-11.03,9.36,610624,,,,,,,,,,,,,,,,,,,
32409007,C00F,41,06/29/2026,15:55:51:824,2,00/00/0000,00:00:00:000,,38.903701,-77.007017,0.00,0,0.00,,,5,0,0,-85.2,-85.2,,,272,2510.550000,20,30,C,2,2,2,0,884480,-112.51,-112.51,-11.49,9.82,-112.62,-112.62,-11.95,7.18,96,9.32,-113.43,-113.43,-12.56,6.06,-112.83,-112.83,-11.96,8.14,610624,,,,,,,,,,,,,,,,,,,
32409007,C00F,41,06/29/2026,15:55:51:824,2,00/00/0000,00:00:00:000,,38.903696,-77.006977,0.00,0,0.00,,,6,0,0,-84.2,-84.2,,,283,2510.550000,20,30,C,2,2,1,0,849296,-107.8,-107.8,-11.36,9.9,-108.71,-108.71,-11.98,6.14,0,8.81,-110.92,-110.92,-12.8,4.44,-108.93,-108.93,-11.41,7.5,610624,,,,,,,,,,,,,,,,,,,
32409007,C00F,41,06/29/2026,15:55:51:824,2,00/00/0000,00:00:00:000,,38.903696,-77.006977,0.00,0,0.00,,,6,0,0,-84.2,-84.2,,,272,2510.550000,20,30,C,2,2,2,0,884480,-112.75,-112.75,-11.48,10.25,-112.7,-112.7,-11.79,7.9,96,9.91,-113.55,-113.55,-12.69,5.01,-112.97,-112.97,-12.03,7.9,610624,,,,,,,,,,,,,,,,,,,
32409007,C00F,41,06/29/2026,15:55:51:825,2,00/00/0000,00:00:00:000,,38.903691,-77.006938,0.00,0,0.00,,,7,0,0,-85,-85,,,283,2510.550000,20,30,C,2,2,1,0,849296,-108.29,-108.29,-11.06,14.46,-109.04,-109.04,-11.55,8.87,48,12.04,-112.06,-112.06,-13.23,4.1,-109.48,-109.48,-11.22,9.19,610624,,,,,,,,,,,,,,,,,,,
32409007,C00F,41,06/29/2026,15:55:51:825,2,00/00/0000,00:00:00:000,,38.903691,-77.006938,0.00,0,0.00,,,7,0,0,-85,-85,,,272,2510.550000,20,30,C,2,2,2,0,884480,-112.22,-112.22,-11.39,10.75,-112.86,-112.86,-12.01,6.74,96,9.44,-112.86,-112.86,-12.12,6.12,-112.63,-112.63,-11.85,8.14,610624,,,,,,,,,,,,,,,,,,,
32409007,C00F,41,06/29/2026,15:57:28:703,2,00/00/0000,00:00:00:000,,38.903686,-77.006898,0.00,0,0.00,,,8,0,0,-85.4,-85.4,,,283,2510.550000,20,30,C,1,1,1,0,849264,-110.38,-110.38,-11.24,12.07,-110.8,-110.8,-11.94,6.57,128,9.62,-111,-111,-12.45,6.88,-110.71,-110.71,-12.01,8.6,1D0624,6E80160A098849813FB80050C5584DE826234904FEE00143156137000C50030810C04B082802000002F46407330F9B82010000008400020834601440350A22010400005E9E3901CCDA41203A981AA833200DF17BC11B84370C6E20DC51B8C37206E48DF64BE28DAC78809300330118080C020100001395EE43000000,310;311,260;490,Stand Alone,90,2545.290000,5238272,5420441911,No,DDDFUU (3ms) | DDDD (2ms),D3-d3-f8u3-U2 | D4,0C00080010275FF600000000,12,00,08,00,10,39,5FF600000000
32409007,C00F,41,06/29/2026,15:57:28:711,2,00/00/0000,00:00:00:000,,38.903680,-77.006859,0.00,0,0.00,,,9,0,0,-85.3,-85.3,,,283,2510.550000,20,30,C,1,1,1,0,849264,-110.1,-110.1,-11.18,12.28,-110.58,-110.58,-11.9,6.72,128,9.8,-110.99,-110.99,-12.46,6.29,-110.54,-110.54,-11.92,8.47,1D0624,,,,,,,,,,,,,,,,,,,
32409007,C00F,41,06/29/2026,15:57:28:711,2,00/00/0000,00:00:00:000,,38.903675,-77.006820,0.00,0,0.00,,,10,0,0,-85.5,-85.5,,,283,2510.550000,20,30,C,1,1,1,0,849264,-110.68,-110.68,-11.33,11.19,-111.22,-111.22,-12.17,5.63,128,8.65,-111.43,-111.43,-12.83,5.28,-111.09,-111.09,-12.3,7.35,1D0624,,,,,,,,,,,,,,,,,,,
32409007,C00F,41,06/29/2026,15:57:28:711,2,00/00/0000,00:00:00:000,,38.903670,-77.006780,0.00,0,0.00,,,11,0,0,-85.4,-85.4,,,283,2510.550000,20,30,C,1,1,1,0,849264,-110.63,-110.63,-11.16,12.98,-111.12,-111.12,-12.04,6.06,128,9.44,-110.86,-110.86,-12.39,6.75,-110.87,-110.87,-12.13,8.38,1D0624,,,,,,,,,,,,,,,,,,,
32409007,C00F,41,06/29/2026,15:59:18:057,2,00/00/0000,00:00:00:000,,38.903665,-77.006741,0.00,0,0.00,,,12,0,0,-89.6,-89.6,,,283,2510.550000,20,30,C,1,1,1,0,849132,-115.2,-115.2,-11.69,8.52,-115.66,-115.66,-11.86,7.07,0,8.77,-114.54,-114.54,-12.08,7.07,-115.12,-115.12,-12.28,8.07,730624,6E80160A098849813FB80050C5584DE826234904FEE00143156137000C50030810C04B082802000002F46407330F9B82010000008400020834601440350A22010400005E9E3901CCDA41203A981AA833200DF17BC11B84370C6E20DC51B8C37206E48DF64BE28DAC78809300330118080C020100001395EE43000000,310;311,260;490,Stand Alone,90,2545.290000,5238272,5420441911,No,DDDFUU (3ms) | DDDD (2ms),D3-d3-f8u3-U2 | D4,0C00080010274DE000000000,12,00,08,00,10,39,4DE000000000
32409007,C00F,41,06/29/2026,15:59:18:082,2,00/00/0000,00:00:00:000,,38.903628,-77.006533,0.00,0,0.00,,,13,0,0,-88.5,-88.5,,,283,2510.550000,20,30,C,1,1,1,0,849132,-113.56,-113.56,-11.36,10.9,-114.01,-114.01,-11.65,8.01,0,10.29,-113.16,-113.16,-11.65,8.64,-113.57,-113.57,-11.81,9.63,730624,,,,,,,,,,,,,,,,,,,
32409007,C00F,41,06/29/2026,15:59:18:082,2,00/00/0000,00:00:00:000,,38.903591,-77.006325,0.00,0,0.00,,,14,0,0,-89.3,-89.3,,,283,2510.550000,20,30,C,1,1,1,0,849132,-115.08,-115.08,-11.62,8.55,-115.1,-115.1,-11.86,6.89,0,8.64,-114.1,-114.1,-12,7.81,-114.75,-114.75,-12.25,8.31,750624,,,,,,,,,,,,,,,,,,,
32409007,C00F,41,06/29/2026,15:59:18:083,2,00/00/0000,00:00:00:000,,38.903554,-77.006118,0.00,0,0.00,,,15,0,0,-89.1,-89.1,,,283,2510.550000,20,30,C,1,1,1,0,849132,-114.5,-114.5,-11.56,8.76,-114.47,-114.47,-11.62,8.22,0,9.48,-114.09,-114.09,-12.07,8.59,-114.35,-114.35,-12.05,9.15,750624,,,,,,,,,,,,,,,,,,,
32409007,C00F,41,06/29/2026,16:00:32:834,2,00/00/0000,00:00:00:000,,38.903517,-77.005910,0.00,0,0.00,,,16,0,0,-81.9,-81.9,,,283,2510.550000,20,30,C,1,1,1,0,849104,-106.16,-106.16,-10.96,16.76,-106.32,-106.32,-11,16.11,0,17.33,-106.42,-106.42,-11.19,16.59,-106.3,-106.3,-11.06,17.08,1B0624,6E80160A098849813FB80050C5584DE826234904FEE00143156137000C50030810C04B082802000002F46407330F9B82010000008400020834601440350A22010400005E9E3901CCDA41203A981AA833200DF17BC11B84370C6E20DC51B8C37206E48DF64BE28DAC78809300330118080C020100001395EE43000000,310;311,260;490,Stand Alone,90,2545.290000,5238272,5420441911,No,DDDFUU (3ms) | DDDD (2ms),D3-d3-f8u3-U2 | D4,0C00080010275FF600000000,12,00,08,00,10,39,5FF600000000
32409007,C00F,41,06/29/2026,16:00:32:841,2,00/00/0000,00:00:00:000,,38.903504,-77.005834,0.00,0,0.00,,,17,0,0,-82,-82,,,283,2510.550000,20,30,C,1,1,1,0,849104,-106.38,-106.38,-10.96,17.64,-106.64,-106.64,-11.02,15.4,0,17.37,-106.48,-106.48,-11.19,15.04,-106.5,-106.5,-11.13,16.47,1B0624,,,,,,,,,,,,,,,,,,,
32409007,C00F,41,06/29/2026,16:00:32:841,2,00/00/0000,00:00:00:000,,38.903490,-77.005757,0.00,0,0.00,,,18,0,0,-82.2,-82.2,,,283,2510.550000,20,30,C,1,1,1,0,849104,-106.61,-106.61,-11.01,15.32,-106.75,-106.75,-11.02,15.27,0,16.3,-106.54,-106.54,-11.08,15.74,-106.64,-106.64,-11.11,16.11,1B0624,,,,,,,,,,,,,,,,,,,
32409007,C00F,41,06/29/2026,16:00:32:841,2,00/00/0000,00:00:00:000,,38.903477,-77.005681,0.00,0,0.00,,,19,0,0,-82.1,-82.1,,,283,2510.550000,20,30,C,1,1,1,0,849104,-106.47,-106.47,-10.96,17.25,-106.52,-106.52,-11.01,15.75,0,17.4,-106.57,-106.57,-11.11,16.32,-106.52,-106.52,-11.04,17.03,1B0624,,,,,,,,,,,,,,,,,,,
32409007,C00F,41,06/29/2026,16:02:16:350,2,00/00/0000,00:00:00:000,,38.903463,-77.005605,0.00,0,0.00,,,20,0,0,-82.2,-82.2,,,283,2510.550000,20,30,C,2,2,1,0,849056,-106.41,-106.41,-10.98,16.97,-106.34,-106.34,-11.01,15.52,0,17.14,-106.67,-106.67,-11.03,16.58,-106.47,-106.47,-10.92,16.96,270624,6E80160A098849813FB80050C5584DE826234904FEE00143156137000C50030810C04B082802000002F46407330F9B82010000008400020834601440350A22010400005E9E3901CCDA41203A981AA833200DF17BC11B84370C6E20DC51B8C37206E48DF64BE28DAC78809300330118080C020100001395EE43000000,310;311,260;490,Stand Alone,90,2545.290000,5238272,5420441911,No,DDDFUU (3ms) | DDDD (2ms),D3-d3-f8u3-U2 | D4,0C00080010275FF600000000,12,00,08,00,10,39,5FF600000000
32409007,C00F,41,06/29/2026,16:02:16:350,2,00/00/0000,00:00:00:000,,38.903463,-77.005605,0.00,0,0.00,,,20,0,0,-82.2,-82.2,,,606,2510.550000,20,30,C,2,2,0,0,822752,-121.13,-121.13,-13.27,2.31,-120.47,-120.47,-12.91,3.57,48,3.79,-120.11,-120.11,-13.15,4.17,-120.56,-120.56,-13.35,3.92,270624,6E80160A098849813FB80050C5584E2826234904FEE00143156138000C50030810C04B082802000002F46407330F9B82010000008400020834601440350A22010400005E9E3901CCDA41203A981AA8332009C17BC11B84370C6E20DC51B8C37206E48DF64BE32F2C79009300330118080C020100001395EE43000000,310;311,260;490,Stand Alone,90,2545.290000,5238272,5420441912,No,DDDFUU (3ms) | DDDD (2ms),D3-d3-f8u3-U2 | D4,0C00080010275FF600000000,12,00,08,00,10,39,5FF600000000
32409007,C00F,41,06/29/2026,16:02:16:394,2,00/00/0000,00:00:00:000,,38.903450,-77.005528,0.00,0,0.00,,,21,0,0,-82.2,-82.2,,,283,2510.550000,20,30,C,2,2,1,0,849056,-106.34,-106.34,-10.95,17.55,-106.41,-106.41,-11,15.96,0,17.65,-106.69,-106.69,-11.13,15.92,-106.47,-106.47,-10.97,17.05,270624,,,,,,,,,,,,,,,,,,,
32409007,C00F,41,06/29/2026,16:02:16:394,2,00/00/0000,00:00:00:000,,38.903450,-77.005528,0.00,0,0.00,,,21,0,0,-82.2,-82.2,,,606,2510.550000,20,30,C,2,2,0,0,822752,-120.09,-120.09,-12.8,3.73,-120.57,-120.57,-12.71,3.74,48,4.64,-119.66,-119.66,-12.79,4.47,-120.1,-120.1,-13,4.58,270624,,,,,,,,,,,,,,,,,,,
32409007,C00F,41,06/29/2026,16:02:16:395,2,00/00/0000,00:00:00:000,,38.903436,-77.005452,0.00,0,0.00,,,22,0,0,-82.1,-82.1,,,283,2510.550000,20,30,C,2,2,1,0,849056,-106.16,-106.16,-10.94,18.34,-106.21,-106.21,-10.98,16.73,0,18.28,-106.64,-106.64,-11.1,16.12,-106.33,-106.33,-10.9,17.51,290624,,,,,,,,,,,,,,,,,,,
32409007,C00F,41,06/29/2026,16:02:16:395,2,00/00/0000,00:00:00:000,,38.903436,-77.005452,0.00,0,0.00,,,22,0,0,-82.1,-82.1,,,606,2510.550000,20,30,C,2,2,0,0,822752,-120.35,-120.35,-12.59,3.85,-120.09,-120.09,-12.76,3.28,48,4.45,-119.85,-119.85,-13.18,4.21,-120.1,-120.1,-13.15,4.37,290624,,,,,,,,,,,,,,,,,,,
32409007,C00F,41,06/29/2026,16:02:16:395,2,00/00/0000,00:00:00:000,,38.903423,-77.005376,0.00,0,0.00,,,23,0,0,-82.2,-82.2,,,283,2510.550000,20,30,C,2,2,1,0,849056,-106.19,-106.19,-10.94,17.91,-106.31,-106.31,-10.98,17.06,0,18.37,-106.77,-106.77,-11.17,15.77,-106.41,-106.41,-10.92,17.43,290624,,,,,,,,,,,,,,,,,,,
32409007,C00F,41,06/29/2026,16:02:16:395,2,00/00/0000,00:00:00:000,,38.903423,-77.005376,0.00,0,0.00,,,23,0,0,-82.2,-82.2,,,606,2510.550000,20,30,C,2,2,0,0,822752,-120.34,-120.34,-12.66,4.19,-120.34,-120.34,-12.78,3.13,48,4.47,-119.06,-119.06,-12.59,4.06,-119.89,-119.89,-13.05,4.31,290624,,,,,,,,,,,,,,,,,,,
32409007,C00F,41,06/29/2026,16:03:45:950,2,00/00/0000,00:00:00:000,,38.903409,-77.005299,0.00,0,0.00,,,24,0,0,-74.1,-74.1,,,283,2510.550000,20,30,C,2,2,1,0,848976,-98.31,-98.31,-10.81,23.5,-98.4,-98.4,-10.94,18.07,0,20.62,-98.4,-98.4,-11.03,18.18,-98.27,-98.27,-10.86,20.15,070624,6E80160A098849813FB80050C5584DE826234904FEE00143156137000C50030810C04B082802000002F46407330F9B82010000008400020834601440350A22010400005E9E3901CCDA41203A981AA833200DF17BC11B84370C6E20DC51B8C37206E48DF64BE28DAC78809300330118080C020100001395EE43000000,310;311,260;490,Stand Alone,90,2545.290000,5238272,5420441911,No,DDDFUU (3ms) | DDDD (2ms),D3-d3-f8u3-U2 | D4,0C00080010275FF600000000,12,00,08,00,10,39,5FF600000000
32409007,C00F,41,06/29/2026,16:03:45:950,2,00/00/0000,00:00:00:000,,38.903409,-77.005299,0.00,0,0.00,,,24,0,0,-74.1,-74.1,,,606,2510.550000,20,30,C,2,2,0,0,822688,-106.98,-106.98,-10.97,16.22,-107.1,-107.1,-11.02,14.47,0,16.23,-109.03,-109.03,-11.4,13.01,-107.59,-107.59,-10.57,15.25,070624,6E80160A098849813FB80050C5584E2826234904FEE00143156138000C50030810C04B082802000002F46407330F9B82010000008400020834601440350A22010400005E9E3901CCDA41203A981AA8332009C17BC11B84370C6E20DC51B8C37206E48DF64BE32F2C79009300330118080C020100001395EE43000000,310;311,260;490,Stand Alone,90,2545.290000,5238272,5420441912,No,DDDFUU (3ms) | DDDD (2ms),D3-d3-f8u3-U2 | D4,0C00080010275FF600000000,12,00,08,00,10,39,5FF600000000
32409007,C00F,41,06/29/2026,16:03:45:997,2,00/00/0000,00:00:00:000,,38.903407,-77.005317,0.00,0,0.00,,,25,0,0,-74.1,-74.1,,,283,2510.550000,20,30,C,2,2,1,0,848976,-98.41,-98.41,-10.82,23.08,-98.4,-98.4,-10.94,18.46,0,21.27,-98.55,-98.55,-11.14,17.37,-98.34,-98.34,-10.89,20.2,070624,,,,,,,,,,,,,,,,,,,
32409007,C00F,41,06/29/2026,16:03:45:997,2,00/00/0000,00:00:00:000,,38.903407,-77.005317,0.00,0,0.00,,,25,0,0,-74.1,-74.1,,,606,2510.550000,20,30,C,2,2,0,0,822688,-107.1,-107.1,-10.99,15.29,-106.9,-106.9,-10.99,15.64,0,16.46,-108.83,-108.83,-11.16,12.87,-107.51,-107.51,-10.49,15.31,070624,,,,,,,,,,,,,,,,,,,
32409007,C00F,41,06/29/2026,16:03:45:998,2,00/00/0000,00:00:00:000,,38.903404,-77.005335,0.00,0,0.00,,,26,0,0,-74,-74,,,283,2510.550000,20,30,C,2,2,1,0,848976,-98.31,-98.31,-10.81,24.88,-98.36,-98.36,-10.93,18.99,0,21.49,-98.55,-98.55,-11.19,19.27,-98.31,-98.31,-10.91,20.38,090624,,,,,,,,,,,,,,,,,,,
32409007,C00F,41,06/29/2026,16:03:45:998,2,00/00/0000,00:00:00:000,,38.903404,-77.005335,0.00,0,0.00,,,26,0,0,-74,-74,,,606,2510.550000,20,30,C,2,2,0,0,822688,-106.94,-106.94,-10.96,16.44,-107.09,-107.09,-11.03,14.41,0,16.28,-108.89,-108.89,-11.38,13.73,-107.53,-107.53,-10.6,15.53,090624,,,,,,,,,,,,,,,,,,,
32409007,C00F,41,06/29/2026,16:03:45:998,2,00/00/0000,00:00:00:000,,38.903402,-77.005352,0.00,0,0.00,,,27,0,0,-74,-74,,,283,2510.550000,20,30,C,2,2,1,0,848976,-98.28,-98.28,-10.81,23.32,-98.32,-98.32,-10.94,18.43,0,20.94,-98.41,-98.41,-11.06,17.94,-98.23,-98.23,-10.85,20.5,090624,,,,,,,,,,,,,,,,,,,
32409007,C00F,41,06/29/2026,16:03:45:998,2,00/00/0000,00:00:00:000,,38.903402,-77.005352,0.00,0,0.00,,,27,0,0,-74,-74,,,606,2510.550000,20,30,C,2,2,0,0,822688,-106.69,-106.69,-10.98,15.73,-106.91,-106.91,-11.07,13.52,0,15.51,-108.68,-108.68,-11.35,12.86,-107.32,-107.32,-10.6,14.73,090624,,,,,,,,,,,,,,,,,,,
32409007,C00F,41,06/29/2026,16:05:33:920,2,00/00/0000,00:00:00:000,,38.903508,-77.005975,0.00,0,0.00,,,28,0,0,-94.5,-94.5,,,283,2510.550000,20,30,C,1,1,1,0,848944,-119.96,-119.96,-12.58,4.47,-120.53,-120.53,-12.71,3.92,160,5.1,-120.69,-120.69,-13.36,2.86,-120.37,-120.37,-12.96,4.31,4D0624,6E80160A098849813FB80050C5584DE826234904FEE00143156137000C50030810C04B082802000002F46407330F9B82010000008400020834601440350A22010400005E9E3901CCDA41203A981AA833200DF17BC11B84370C6E20DC51B8C37206E48DF64BE28DAC78809300330118080C020100001395EE43000000,310;311,260;490,Stand Alone,90,2545.290000,5238272,5420441911,No,DDDFUU (3ms) | DDDD (2ms),D3-d3-f8u3-U2 | D4,0C00080010274DE000000000,12,00,08,00,10,39,4DE000000000
32409007,C00F,41,06/29/2026,16:05:33:945,2,00/00/0000,00:00:00:000,,38.903506,-77.005984,0.00,0,0.00,,,29,0,0,-94.2,-94.2,,,283,2510.550000,20,30,C,1,1,1,0,848944,-120.12,-120.12,-12.6,4.48,-120.78,-120.78,-13.39,1.63,80,3.45,-119.89,-119.89,-12.9,3.57,-120.25,-120.25,-13.11,3.49,4D0624,,,,,,,,,,,,,,,,,,,
32409007,C00F,41,06/29/2026,16:05:33:945,2,00/00/0000,00:00:00:000,,38.903504,-77.005992,0.00,0,0.00,,,30,0,0,-94.2,-94.2,,,283,2510.550000,20,30,C,1,1,1,0,848944,-120.27,-120.27,-12.78,3.66,-120.18,-120.18,-12.77,3.58,80,4.52,-119.48,-119.48,-12.56,4.52,-119.97,-119.97,-12.88,4.52,4D0624,,,,,,,,,,,,,,,,,,,
32409007,C00F,41,06/29/2026,16:05:33:946,2,00/00/0000,00:00:00:000,,38.903502,-77.006000,0.00,0,0.00,,,31,0,0,-94,-94,,,283,2510.550000,20,30,C,1,1,1,0,848944,-120.09,-120.09,-12.65,4.13,-120.99,-120.99,-13.4,1.26,144,3.44,-120.16,-120.16,-13.48,2.78,-120.4,-120.4,-13.45,3.21,4D0624,,,,,,,,,,,,,,,,,,,
32409007,C00F,41,06/29/2026,16:06:41:424,2,00/00/0000,00:00:00:000,,38.903499,-77.006008,0.00,0,0.00,,,32,0,0,-87.3,-87.3,,,283,2510.550000,20,30,C,2,2,1,0,848912,-111.08,-111.08,-11.12,13.25,-111.27,-111.27,-11.18,12.37,0,13.8,-112.08,-112.08,-11.18,11.56,-111.45,-111.45,-10.87,13.05,190624,6E80160A098849813FB80050C5584DE826234904FEE00143156137000C50030810C04B082802000002F46407330F9B82010000008400020834601440350A22010400005E9E3901CCDA41203A981AA833200DF17BC11B84370C6E20DC51B8C37206E48DF64BE28DAC78809300330118080C020100001395EE43000000,310;311,260;490,Stand Alone,90,2545.290000,5238272,5420441911,No,DDDFUU (3ms) | DDDD (2ms),D3-d3-f8u3-U2 | D4,0C00080010275FF600000000,12,00,08,00,10,39,5FF600000000
32409007,C00F,41,06/29/2026,16:06:41:424,2,00/00/0000,00:00:00:000,,38.903499,-77.006008,0.00,0,0.00,,,32,0,0,-87.3,-87.3,,,606,2510.550000,20,30,C,2,2,0,0,822616,-124.07,-124.07,-14.48,-0.5,-125.32,-125.32,-15.53,-1.52,64,-1.33,-125.21,-125.21,-14.39,-5.08,-126.34,-126.34,-15.93,-1.33,190624,6E80160A098849813FB80050C5584E2826234904FEE00143156138000C50030810C04B082802000002F46407330F9B82010000008400020834601440350A22010400005E9E3901CCDA41203A981AA8332009C17BC11B84370C6E20DC51B8C37206E48DF64BE32F2C79009300330118080C020100001395EE43000000,310;311,260;490,Stand Alone,90,2545.290000,5238272,5420441912,No,DDDFUU (3ms) | DDDD (2ms),D3-d3-f8u3-U2 | D4,0C00080010275FF600000000,12,00,08,00,10,39,5FF600000000
32409007,C00F,41,06/29/2026,16:06:41:442,2,00/00/0000,00:00:00:000,,38.903497,-77.006017,0.00,0,0.00,,,33,0,0,-87.3,-87.3,,,283,2510.550000,20,30,C,2,2,1,0,848912,-110.96,-110.96,-11.11,13.45,-111.33,-111.33,-11.13,13.01,0,14.23,-112.43,-112.43,-11.51,11.31,-111.51,-111.51,-10.93,13.26,190624,,,,,,,,,,,,,,,,,,,
32409007,C00F,41,06/29/2026,16:06:41:442,2,00/00/0000,00:00:00:000,,38.903497,-77.006017,0.00,0,0.00,,,33,0,0,-87.3,-87.3,,,606,2510.550000,20,30,C,2,2,0,0,822616,-125.93,-125.93,-15.37,-1.46,-124.36,-124.36,-14.56,-0.7,64,-1.36,-126.12,-126.12,-15.6,-2.15,-125.38,-125.38,-15,-1.59,190624,,,,,,,,,,,,,,,,,,,
32409007,C00F,41,06/29/2026,16:06:41:443,2,00/00/0000,00:00:00:000,,38.903495,-77.006025,0.00,0,0.00,,,34,0,0,-87.6,-87.6,,,283,2510.550000,20,30,C,2,2,1,0,848912,-111.18,-111.18,-11.17,12.26,-111.52,-111.52,-11.27,10.67,0,12.43,-112.57,-112.57,-11.31,11.96,-111.7,-111.7,-10.88,12.3,190624,,,,,,,,,,,,,,,,,,,
32409007,C00F,41,06/29/2026,16:06:41:443,2,00/00/0000,00:00:00:000,,38.903495,-77.006025,0.00,0,0.00,,,34,0,0,-87.6,-87.6,,,606,2510.550000,20,30,C,2,2,0,0,822616,-124.59,-124.59,-14.88,-0.87,-125.3,-125.3,-14.73,-0.74,64,-1.21,-126.56,-126.56,-15.75,-2.9,-125.39,-125.39,-14.83,-1.69,190624,,,,,,,,,,,,,,,,,,,
32409007,C00F,41,06/29/2026,16:06:41:443,2,00/00/0000,00:00:00:000,,38.903493,-77.006033,0.00,0,0.00,,,35,0,0,-87.5,-87.5,,,283,2510.550000,20,30,C,2,2,1,0,848912,-111.17,-111.17,-11.19,12.24,-111.73,-111.73,-11.17,12.28,0,13.26,-112.67,-112.67,-11.59,10.84,-111.8,-111.8,-11.02,12.48,190624,,,,,,,,,,,,,,,,,,,
32409007,C00F,41,06/29/2026,16:06:41:443,2,00/00/0000,00:00:00:000,,38.903493,-77.006033,0.00,0,0.00,,,35,0,0,-87.5,-87.5,,,606,2510.550000,20,30,C,2,2,0,0,822616,-124.57,-124.57,-14.36,-0.51,-124.54,-124.54,-14.68,-0.63,16,-0.73,-126.67,-126.67,-16.05,-2.95,-125.13,-125.13,-14.72,-1.34,190624,,,,,,,,,,,,,,,,,,,
32409007,C00F,41,06/29/2026,16:08:24:438,2,00/00/0000,00:00:00:000,,38.903491,-77.006042,0.00,0,0.00,,,36,0,0,-87.2,-87.2,,,283,2510.550000,20,30,C,2,2,1,0,848848,-111.78,-111.78,-11.23,12.68,-111.97,-111.97,-11.28,11.67,0,13.15,-111.67,-111.67,-11.31,11.67,-111.81,-111.81,-11.35,12.61,210624,6E80160A098849813FB80050C5584DE826234904FEE00143156137000C50030810C04B082802000002F46407330F9B82010000008400020834601440350A22010400005E9E3901CCDA41203A981AA833200DF17BC11B84370C6E20DC51B8C37206E48DF64BE28DAC78809300330118080C020100001395EE43000000,310;311,260;490,Stand Alone,90,2545.290000,5238272,5420441911,No,DDDFUU (3ms) | DDDD (2ms),D3-d3-f8u3-U2 | D4,0C00080010275FF600000000,12,00,08,00,10,39,5FF600000000
32409007,C00F,41,06/29/2026,16:08:24:438,2,00/00/0000,00:00:00:000,,38.903491,-77.006042,0.00,0,0.00,,,36,0,0,-87.2,-87.2,,,606,2510.550000,20,30,C,2,2,0,0,822560,-119.46,-119.46,-12.56,3.92,-118.39,-118.39,-11.93,6.98,0,6.31,-119.7,-119.7,-13.03,3.6,-119.13,-119.13,-12.47,5.36,210624,6E80160A098849813FB80050C5584E2826234904FEE00143156138000C50030810C04B082802000002F46407330F9B82010000008400020834601440350A22010400005E9E3901CCDA41203A981AA8332009C17BC11B84370C6E20DC51B8C37206E48DF64BE32F2C79009300330118080C020100001395EE43000000,310;311,260;490,Stand Alone,90,2545.290000,5238272,5420441912,No,DDDFUU (3ms) | DDDD (2ms),D3-d3-f8u3-U2 | D4,0C00080010274DE000000000,12,00,08,00,10,39,4DE000000000
32409007,C00F,41,06/29/2026,16:08:24:453,2,00/00/0000,00:00:00:000,,38.903488,-77.006050,0.00,0,0.00,,,37,0,0,-87.1,-87.1,,,283,2510.550000,20,30,C,2,2,1,0,848848,-112.05,-112.05,-11.32,11.12,-112.02,-112.02,-11.35,10.83,0,11.97,-111.77,-111.77,-11.52,12.14,-111.95,-111.95,-11.55,12.03,210624,,,,,,,,,,,,,,,,,,,
32409007,C00F,41,06/29/2026,16:08:24:453,2,00/00/0000,00:00:00:000,,38.903488,-77.006050,0.00,0,0.00,,,37,0,0,-87.1,-87.1,,,606,2510.550000,20,30,C,2,2,0,0,822560,-118.82,-118.82,-12.09,5.75,-118.43,-118.43,-11.94,6.54,0,7.09,-118.94,-118.94,-12.41,4.84,-118.72,-118.72,-12.16,6.27,210624,,,,,,,,,,,,,,,,,,,
32409007,C00F,41,06/29/2026,16:08:24:453,2,00/00/0000,00:00:00:000,,38.903486,-77.006058,0.00,0,0.00,,,38,0,0,-86.8,-86.8,,,283,2510.550000,20,30,C,2,2,1,0,848848,-111.37,-111.37,-11.15,13.17,-111.53,-111.53,-11.23,12.54,0,13.85,-111.13,-111.13,-11.2,14.44,-111.35,-111.35,-11.3,14.04,210624,,,,,,,,,,,,,,,,,,,
32409007,C00F,41,06/29/2026,16:08:24:453,2,00/00/0000,00:00:00:000,,38.903486,-77.006058,0.00,0,0.00,,,38,0,0,-86.8,-86.8,,,606,2510.550000,20,30,C,2,2,0,0,822560,-118.49,-118.49,-12.04,6.29,-118.99,-118.99,-12.4,4.33,0,6.2,-119.07,-119.07,-12.67,4.42,-118.84,-118.84,-12.4,5.58,210624,,,,,,,,,,,,,,,,,,,
32409007,C00F,41,06/29/2026,16:08:24:453,2,00/00/0000,00:00:00:000,,38.903484,-77.006066,0.00,0,0.00,,,39,0,0,-86.6,-86.6,,,283,2510.550000,20,30,C,2,2,1,0,848848,-111.44,-111.44,-11.21,12.65,-111.26,-111.26,-11.24,12.12,0,13.37,-111.04,-111.04,-11.24,12.27,-111.24,-111.24,-11.34,12.97,210624,,,,,,,,,,,,,,,,,,,
32409007,C00F,41,06/29/2026,16:08:24:453,2,00/00/0000,00:00:00:000,,38.903484,-77.006066,0.00,0,0.00,,,39,0,0,-86.6,-86.6,,,606,2510.550000,20,30,C,2,2,0,0,822560,-118.9,-118.9,-12.58,4.08,-118.75,-118.75,-12.29,5.23,0,5.53,-119.2,-119.2,-13.02,3.42,-118.94,-118.94,-12.68,4.77,210624,,,,,,,,,,,,,,,,,,,
32409007,C00F,41,06/29/2026,16:09:33:334,2,00/00/0000,00:00:00:000,,38.903482,-77.006075,0.00,0,0.00,,,40,0,0,-88.7,-88.7,,,606,2510.550000,20,30,C,2,2,0,0,822488,-113.73,-113.73,-11.46,9.67,-113.67,-113.67,-11.51,9.08,16,10.37,-113.43,-113.43,-11.67,10.59,-113.61,-113.61,-11.69,10.44,7F0624,6E80160A098849813FB80050C5584E2826234904FEE00143156138000C50030810C04B082802000002F46407330F9B82010000008400020834601440350A22010400005E9E3901CCDA41203A981AA8332009C17BC11B84370C6E20DC51B8C37206E48DF64BE32F2C79009300330118080C020100001395EE43000000,310;311,260;490,Stand Alone,90,2545.290000,5238272,5420441912,No,DDDFUU (3ms) | DDDD (2ms),D3-d3-f8u3-U2 | D4,0C00080010275FF600000000,12,00,08,00,10,39,5FF600000000
32409007,C00F,41,06/29/2026,16:09:33:334,2,00/00/0000,00:00:00:000,,38.903482,-77.006075,0.00,0,0.00,,,40,0,0,-88.7,-88.7,,,283,2510.550000,20,30,C,2,2,1,0,848800,-114.6,-114.6,-11.52,9.46,-115.13,-115.13,-11.69,7.78,0,9.59,-114.67,-114.67,-12.44,8.53,-114.8,-114.8,-12.23,9.21,7F0624,6E80160A098849813FB80050C5584DE826234904FEE00143156137000C50030810C04B082802000002F46407330F9B82010000008400020834601440350A22010400005E9E3901CCDA41203A981AA833200DF17BC11B84370C6E20DC51B8C37206E48DF64BE28DAC78809300330118080C020100001395EE43000000,310;311,260;490,Stand Alone,90,2545.290000,5238272,5420441911,No,DDDFUU (3ms) | DDDD (2ms),D3-d3-f8u3-U2 | D4,0C00080010275FF600000000,12,00,08,00,10,39,5FF600000000
32409007,C00F,41,06/29/2026,16:09:33:351,2,00/00/0000,00:00:00:000,,38.903474,-77.006096,0.00,0,0.00,,,41,0,0,-88.6,-88.6,,,606,2510.550000,20,30,C,2,2,0,0,822488,-113.37,-113.37,-11.36,10.64,-113.99,-113.99,-11.43,9.88,16,11.27,-113.14,-113.14,-11.5,10.31,-113.49,-113.49,-11.64,10.91,7F0624,,,,,,,,,,,,,,,,,,,
32409007,C00F,41,06/29/2026,16:09:33:351,2,00/00/0000,00:00:00:000,,38.903474,-77.006096,0.00,0,0.00,,,41,0,0,-88.6,-88.6,,,283,2510.550000,20,30,C,2,2,1,0,848800,-114.92,-114.92,-11.44,10.13,-115.11,-115.11,-11.53,8.84,0,10.45,-114.39,-114.39,-12.27,8.24,-114.81,-114.81,-12.24,9.54,7F0624,,,,,,,,,,,,,,,,,,,
32409007,C00F,41,06/29/2026,16:09:33:351,2,00/00/0000,00:00:00:000,,38.903466,-77.006118,0.00,0,0.00,,,42,0,0,-88.8,-88.8,,,606,2510.550000,20,30,C,2,2,0,0,822488,-113.77,-113.77,-11.37,10.45,-114,-114,-11.47,9.47,0,10.94,-113.32,-113.32,-11.56,10.08,-113.69,-113.69,-11.71,10.62,7F0624,,,,,,,,,,,,,,,,,,,
32409007,C00F,41,06/29/2026,16:09:33:351,2,00/00/0000,00:00:00:000,,38.903466,-77.006118,0.00,0,0.00,,,42,0,0,-88.8,-88.8,,,283,2510.550000,20,30,C,2,2,1,0,848800,-115.13,-115.13,-11.58,9.04,-115.37,-115.37,-11.74,7.62,0,9.29,-114.07,-114.07,-11.96,8.58,-114.84,-114.84,-12.26,9,7F0624,,,,,,,,,,,,,,,,,,,
32409007,C00F,41,06/29/2026,16:09:33:351,2,00/00/0000,00:00:00:000,,38.903458,-77.006140,0.00,0,0.00,,,43,0,0,-88.7,-88.7,,,606,2510.550000,20,30,C,2,2,0,0,822488,-113.85,-113.85,-11.55,8.98,-113.5,-113.5,-11.36,10.69,16,10.79,-113.01,-113.01,-11.28,10.97,-113.45,-113.45,-11.56,10.85,7F0624,,,,,,,,,,,,,,,,,,,
32409007,C00F,41,06/29/2026,16:09:33:351,2,00/00/0000,00:00:00:000,,38.903458,-77.006140,0.00,0,0.00,,,43,0,0,-88.7,-88.7,,,283,2510.550000,20,30,C,2,2,1,0,848800,-115.26,-115.26,-11.69,8.22,-114.81,-114.81,-11.56,9.08,0,9.65,-114.4,-114.4,-11.97,9.57,-114.82,-114.82,-12.08,9.62,7F0624,,,,,,,,,,,,,,,,,,,
32409007,C00F,41,06/29/2026,16:11:14:146,2,00/00/0000,00:00:00:000,,38.903450,-77.006161,0.00,0,0.00,,,44,0,0,-77.3,-77.3,,,283,2510.550000,20,30,C,2,2,1,0,848752,-101.79,-101.79,-10.81,23.21,-101.68,-101.68,-10.82,21.09,0,22.5,-101.39,-101.39,-10.87,20.72,-101.62,-101.62,-10.97,21.81,6B0624,6E80160A098849813FB80050C5584DE826234904FEE00143156137000C50030810C04B082802000002F46407330F9B82010000008400020834601440350A22010400005E9E3901CCDA41203A981AA833200DF17BC11B84370C6E20DC51B8C37206E48DF64BE28DAC78809300330118080C020100001395EE43000000,310;311,260;490,Stand Alone,90,2545.290000,5238272,5420441911,No,DDDFUU (3ms) | DDDD (2ms),D3-d3-f8u3-U2 | D4,0C00080010274DE000000000,12,00,08,00,10,39,4DE000000000
32409007,C00F,41,06/29/2026,16:11:14:146,2,00/00/0000,00:00:00:000,,38.903450,-77.006161,0.00,0,0.00,,,44,0,0,-77.3,-77.3,,,606,2510.550000,20,30,C,2,2,0,0,822452,-106.32,-106.32,-10.93,18.53,-106.6,-106.6,-10.98,16.42,48,18.2,-107.32,-107.32,-11.07,16.3,-106.72,-106.72,-10.73,17.58,6B0624,6E80160A098849813FB80050C5584E2826234904FEE00143156138000C50030810C04B082802000002F46407330F9B82010000008400020834601440350A22010400005E9E3901CCDA41203A981AA8332009C17BC11B84370C6E20DC51B8C37206E48DF64BE32F2C79009300330118080C020100001395EE43000000,310;311,260;490,Stand Alone,90,2545.290000,5238272,5420441912,No,DDDFUU (3ms) | DDDD (2ms),D3-d3-f8u3-U2 | D4,0C00080010275FF600000000,12,00,08,00,10,39,5FF600000000
32409007,C00F,41,06/29/2026,16:11:14:162,2,00/00/0000,00:00:00:000,,38.903424,-77.006010,0.00,0,0.00,,,45,0,0,-79.2,-79.2,,,283,2510.550000,20,30,C,2,2,1,0,848752,-103.95,-103.95,-10.94,18.32,-103.97,-103.97,-10.95,17.65,0,18.78,-103.67,-103.67,-11.39,15.54,-103.86,-103.86,-11.35,17.41,6B0624,,,,,,,,,,,,,,,,,,,
32409007,C00F,41,06/29/2026,16:11:14:162,2,00/00/0000,00:00:00:000,,38.903424,-77.006010,0.00,0,0.00,,,45,0,0,-79.2,-79.2,,,606,2510.550000,20,30,C,2,2,0,0,822452,-106.5,-106.5,-10.96,16.93,-106.51,-106.51,-10.99,15.9,48,17.34,-107.53,-107.53,-11.18,14.73,-106.81,-106.81,-10.76,16.46,6B0624,,,,,,,,,,,,,,,,,,,
32409007,C00F,41,06/29/2026,16:11:14:162,2,00/00/0000,00:00:00:000,,38.903397,-77.005859,0.00,0,0.00,,,46,0,0,-80.3,-80.3,,,283,2510.550000,20,30,C,2,2,1,0,848752,-105.28,-105.28,-10.95,17.39,-105.28,-105.28,-10.97,16.96,0,18.07,-104.66,-104.66,-11.41,13.6,-105.07,-105.07,-11.48,15.93,6B0624,,,,,,,,,,,,,,,,,,,
32409007,C00F,41,06/29/2026,16:11:14:162,2,00/00/0000,00:00:00:000,,38.903397,-77.005859,0.00,0,0.00,,,46,0,0,-80.3,-80.3,,,606,2510.550000,20,30,C,2,2,0,0,822452,-106.97,-106.97,-11.02,15.36,-106.83,-106.83,-11.03,14.98,48,16.16,-107.53,-107.53,-11.05,14.99,-107.09,-107.09,-10.83,15.79,6B0624,,,,,,,,,,,,,,,,,,,
32409007,C00F,41,06/29/2026,16:11:14:162,2,00/00/0000,00:00:00:000,,38.903371,-77.005708,0.00,0,0.00,,,47,0,0,-80.1,-80.1,,,283,2510.550000,20,30,C,2,2,1,0,848752,-105.16,-105.16,-10.93,18.44,-105.05,-105.05,-10.95,17.57,0,18.79,-104.36,-104.36,-11.21,15.39,-104.85,-104.85,-11.38,17.25,6B0624,,,,,,,,,,,,,,,,,,,
32409007,C00F,41,06/29/2026,16:11:14:162,2,00/00/0000,00:00:00:000,,38.903371,-77.005708,0.00,0,0.00,,,47,0,0,-80.1,-80.1,,,606,2510.550000,20,30,C,2,2,0,0,822452,-107.19,-107.19,-10.96,16.53,-106.96,-106.96,-10.96,17.01,48,17.67,-107.87,-107.87,-11.24,14.42,-107.32,-107.32,-10.87,16.48,6B0624,,,,,,,,,,,,,,,,,,,
32409007,C00F,41,06/29/2026,16:12:44:921,2,00/00/0000,00:00:00:000,,38.903331,-77.005597,0.00,0,0.00,,,48,0,0,-60.5,-60.5,,,283,2510.550000,20,30,C,2,2,1,0,848704,-84.16,-84.16,-10.79,30.51,-84.1,-84.1,-10.8,28.12,0,27.55,-85.01,-85.01,-10.82,23.7,-84.39,-84.39,-10.52,26.1,590624,6E80160A098849813FB80050C5584DE826234904FEE00143156137000C50030810C04B082802000002F46407330F9B82010000008400020834601440350A22010400005E9E3901CCDA41203A981AA833200DF17BC11B84370C6E20DC51B8C37206E48DF64BE28DAC78809300330118080C020100001395EE43000000,310;311,260;490,Stand Alone,90,2545.290000,5238272,5420441911,No,DDDFUU (3ms) | DDDD (2ms),D3-d3-f8u3-U2 | D4,0C00080010275FF600000000,12,00,08,00,10,39,5FF600000000
32409007,C00F,41,06/29/2026,16:12:44:921,2,00/00/0000,00:00:00:000,,38.903331,-77.005597,0.00,0,0.00,,,48,0,0,-60.5,-60.5,,,606,2510.550000,20,30,C,2,2,0,0,822400,-95.08,-95.08,-10.81,24.08,-95.04,-95.04,-10.81,22.18,16,23.36,-95.2,-95.2,-10.86,22.33,-95.11,-95.11,-10.8,23.01,590624,6E80160A098849813FB80050C5584E2826234904FEE00143156138000C50030810C04B082802000002F46407330F9B82010000008400020834601440350A22010400005E9E3901CCDA41203A981AA8332009C17BC11B84370C6E20DC51B8C37206E48DF64BE32F2C79009300330118080C020100001395EE43000000,310;311,260;490,Stand Alone,90,2545.290000,5238272,5420441912,No,DDDFUU (3ms) | DDDD (2ms),D3-d3-f8u3-U2 | D4,0C00080010275FF600000000,12,00,08,00,10,39,5FF600000000
32409007,C00F,41,06/29/2026,16:12:44:945,2,00/00/0000,00:00:00:000,,38.903357,-77.005745,0.00,0,0.00,,,49,0,0,-60.5,-60.5,,,283,2510.550000,20,30,C,2,2,1,0,848704,-84.16,-84.16,-10.79,31.52,-84.12,-84.12,-10.8,27.35,0,28.04,-85.02,-85.02,-10.81,24.86,-84.41,-84.41,-10.52,26.9,590624,,,,,,,,,,,,,,,,,,,
32409007,C00F,41,06/29/2026,16:12:44:945,2,00/00/0000,00:00:00:000,,38.903357,-77.005745,0.00,0,0.00,,,49,0,0,-60.5,-60.5,,,606,2510.550000,20,30,C,2,2,0,0,822400,-95.04,-95.04,-10.81,24.11,-95,-95,-10.82,23.1,16,23.78,-95.2,-95.2,-10.86,23.13,-95.08,-95.08,-10.78,23.57,590624,,,,,,,,,,,,,,,,,,,
32409007,C00F,41,06/29/2026,16:12:44:945,2,00/00/0000,00:00:00:000,,38.903384,-77.005893,0.00,0,0.00,,,50,0,0,-60.6,-60.6,,,283,2510.550000,20,30,C,2,2,1,0,848704,-84.22,-84.22,-10.8,32.61,-84.14,-84.14,-10.8,29.19,0,28.35,-85.05,-85.05,-10.78,24.55,-84.44,-84.44,-10.51,26.92,590624,,,,,,,,,,,,,,,,,,,
32409007,C00F,41,06/29/2026,16:12:44:945,2,00/00/0000,00:00:00:000,,38.903384,-77.005893,0.00,0,0.00,,,50,0,0,-60.6,-60.6,,,606,2510.550000,20,30,C,2,2,0,0,822400,-95.09,-95.09,-10.8,25.3,-95.06,-95.06,-10.81,24.37,16,24.87,-95.26,-95.26,-10.85,21.39,-95.13,-95.13,-10.77,23.46,590624,,,,,,,,,,,,,,,,,,,
32409007,C00F,41,06/29/2026,16:12:44:945,2,00/00/0000,00:00:00:000,,38.903410,-77.006041,0.00,0,0.00,,,51,0,0,-60.6,-60.6,,,283,2510.550000,20,30,C,2,2,1,0,848704,-84.25,-84.25,-10.8,28.13,-84.18,-84.18,-10.8,24.74,0,25.76,-85.1,-85.1,-10.78,24.43,-84.48,-84.48,-10.49,25.34,590624,,,,,,,,,,,,,,,,,,,
32409007,C00F,41,06/29/2026,16:12:44:945,2,00/00/0000,00:00:00:000,,38.903410,-77.006041,0.00,0,0.00,,,51,0,0,-60.6,-60.6,,,606,2510.550000,20,30,C,2,2,0,0,822400,-95.06,-95.06,-10.81,23.48,-95.06,-95.06,-10.81,23.53,0,23.81,-95.25,-95.25,-10.86,20.99,-95.12,-95.12,-10.78,22.72,590624,,,,,,,,,,,,,,,,,,,
32409007,C00F,41,06/29/2026,16:14:26:876,2,00/00/0000,00:00:00:000,,38.903436,-77.006189,0.00,0,0.00,,,52,0,0,-75.1,-75.1,,,283,2510.550000,20,30,C,2,2,1,0,848656,-98.66,-98.66,-10.8,24.81,-98.69,-98.69,-10.81,22.21,16,23.67,-99.53,-99.53,-10.7,21.47,-98.93,-98.93,-10.46,22.94,530624,6E80160A098849813FB80050C5584DE826234904FEE00143156137000C50030810C04B082802000002F46407330F9B82010000008400020834601440350A22010400005E9E3901CCDA41203A981AA833200DF17BC11B84370C6E20DC51B8C37206E48DF64BE28DAC78809300330118080C020100001395EE43000000,310;311,260;490,Stand Alone,90,2545.290000,5238272,5420441911,No,DDDFUU (3ms) | DDDD (2ms),D3-d3-f8u3-U2 | D4,0C00080010275FF600000000,12,00,08,00,10,39,5FF600000000
32409007,C00F,41,06/29/2026,16:14:26:876,2,00/00/0000,00:00:00:000,,38.903436,-77.006189,0.00,0,0.00,,,52,0,0,-75.1,-75.1,,,606,2510.550000,20,30,C,2,2,0,0,822384,-111.31,-111.31,-11.19,12.78,-111.4,-111.4,-11.36,10.59,48,12.56,-111.19,-111.19,-11.2,11.58,-111.3,-111.3,-11.28,12.21,530624,6E80160A098849813FB80050C5584E2826234904FEE00143156138000C50030810C04B082802000002F46407330F9B82010000008400020834601440350A22010400005E9E3901CCDA41203A981AA8332009C17BC11B84370C6E20DC51B8C37206E48DF64BE32F2C79009300330118080C020100001395EE43000000,310;311,260;490,Stand Alone,90,2545.290000,5238272,5420441912,No,DDDFUU (3ms) | DDDD (2ms),D3-d3-f8u3-U2 | D4,0C00080010275FF600000000,12,00,08,00,10,39,5FF600000000
32409007,C00F,41,06/29/2026,16:14:26:891,2,00/00/0000,00:00:00:000,,38.903430,-77.006212,0.00,0,0.00,,,53,0,0,-75.9,-75.9,,,283,2510.550000,20,30,C,2,2,1,0,848656,-99.56,-99.56,-10.81,24.2,-99.61,-99.61,-10.83,21.13,16,22.83,-100.27,-100.27,-10.79,21.42,-99.79,-99.79,-10.57,22.38,530624,,,,,,,,,,,,,,,,,,,
32409007,C00F,41,06/29/2026,16:14:26:891,2,00/00/0000,00:00:00:000,,38.903430,-77.006212,0.00,0,0.00,,,53,0,0,-75.9,-75.9,,,606,2510.550000,20,30,C,2,2,0,0,822384,-111.61,-111.61,-11.28,11.69,-111.86,-111.86,-11.37,11.04,16,12.36,-111.48,-111.48,-11.31,11.18,-111.65,-111.65,-11.41,11.93,530624,,,,,,,,,,,,,,,,,,,
32409007,C00F,41,06/29/2026,16:14:26:891,2,00/00/0000,00:00:00:000,,38.903424,-77.006236,0.00,0,0.00,,,54,0,0,-76.7,-76.7,,,283,2510.550000,20,30,C,2,2,1,0,848656,-100.69,-100.69,-10.81,23.18,-100.63,-100.63,-10.83,20.39,0,22.05,-100.92,-100.92,-10.85,20.64,-100.74,-100.74,-10.75,21.57,530624,,,,,,,,,,,,,,,,,,,
32409007,C00F,41,06/29/2026,16:14:26:891,2,00/00/0000,00:00:00:000,,38.903424,-77.006236,0.00,0,0.00,,,54,0,0,-76.7,-76.7,,,606,2510.550000,20,30,C,2,2,0,0,822384,-112.46,-112.46,-11.45,10.25,-112.42,-112.42,-11.47,9.63,0,10.93,-112.15,-112.15,-11.8,9.8,-112.34,-112.34,-11.79,10.52,530624,,,,,,,,,,,,,,,,,,,
32409007,C00F,41,06/29/2026,16:14:26:891,2,00/00/0000,00:00:00:000,,38.903418,-77.006260,0.00,0,0.00,,,55,0,0,-77.4,-77.4,,,283,2510.550000,20,30,C,2,2,1,0,848656,-101.83,-101.83,-10.82,20.63,-101.9,-101.9,-10.9,19.55,0,20.48,-101.34,-101.34,-10.72,20.07,-101.67,-101.67,-10.92,20.33,550624,,,,,,,,,,,,,,,,,,,
32409007,C00F,41,06/29/2026,16:14:26:891,2,00/00/0000,00:00:00:000,,38.903418,-77.006260,0.00,0,0.00,,,55,0,0,-77.4,-77.4,,,606,2510.550000,20,30,C,2,2,0,0,822384,-113.15,-113.15,-11.37,11.06,-113.67,-113.67,-11.87,6.97,32,9.67,-112.57,-112.57,-12.03,7.98,-113.12,-113.12,-12.18,8.97,550624,,,,,,,,,,,,,,,,,,,
32409007,C00F,41,06/29/2026,16:15:56:062,2,00/00/0000,00:00:00:000,,38.903335,-77.005914,0.00,0,0.00,,,56,0,0,-62.2,-62.2,,,283,2510.550000,20,30,C,2,2,1,0,848576,-86.4,-86.4,-10.8,30.47,-86.24,-86.24,-10.81,24.75,0,26.2,-86.35,-86.35,-10.83,25.82,-86.33,-86.33,-10.81,26.08,2F0624,6E80160A098849813FB80050C5584DE826234904FEE00143156137000C50030810C04B082802000002F46407330F9B82010000008400020834601440350A22010400005E9E3901CCDA41203A981AA833200DF17BC11B84370C6E20DC51B8C37206E48DF64BE28DAC78809300330118080C020100001395EE43000000,310;311,260;490,Stand Alone,90,2545.290000,5238272,5420441911,No,DDDFUU (3ms) | DDDD (2ms),D3-d3-f8u3-U2 | D4,0C00080010275FF600000000,12,00,08,00,10,39,5FF600000000
32409007,C00F,41,06/29/2026,16:15:56:062,2,00/00/0000,00:00:00:000,,38.903335,-77.005914,0.00,0,0.00,,,56,0,0,-62.2,-62.2,,,606,2510.550000,20,30,C,2,2,0,0,822256,-98.17,-98.17,-10.91,21.26,-98.19,-98.19,-10.98,18.44,64,20.29,-97.52,-97.52,-11.01,17.6,-97.96,-97.96,-11.21,19.14,2F0624,6E80160A098849813FB80050C5584E2826234904FEE00143156138000C50030810C04B082802000002F46407330F9B82010000008400020834601440350A22010400005E9E3901CCDA41203A981AA8332009C17BC11B84370C6E20DC51B8C37206E48DF64BE32F2C79009300330118080C020100001395EE43000000,310;311,260;490,Stand Alone,90,2545.290000,5238272,5420441912,No,DDDFUU (3ms) | DDDD (2ms),D3-d3-f8u3-U2 | D4,0C00080010274DE000000000,12,00,08,00,10,39,4DE000000000
32409007,C00F,41,06/29/2026,16:15:56:108,2,00/00/0000,00:00:00:000,,38.903325,-77.005858,0.00,0,0.00,,,57,0,0,-62.1,-62.1,,,283,2510.550000,20,30,C,2,2,1,0,848576,-86.2,-86.2,-10.8,29.66,-86.2,-86.2,-10.8,27.25,0,26.86,-86.19,-86.19,-10.76,24.09,-86.2,-86.2,-10.77,25.76,2F0624,,,,,,,,,,,,,,,,,,,
32409007,C00F,41,06/29/2026,16:15:56:108,2,00/00/0000,00:00:00:000,,38.903325,-77.005858,0.00,0,0.00,,,57,0,0,-62.1,-62.1,,,606,2510.550000,20,30,C,2,2,0,0,822256,-98.05,-98.05,-10.84,19.43,-98.19,-98.19,-11,17.06,64,19.57,-97.46,-97.46,-10.94,17.25,-97.92,-97.92,-11.17,18.6,2F0624,,,,,,,,,,,,,,,,,,,
32409007,C00F,41,06/29/2026,16:15:56:109,2,00/00/0000,00:00:00:000,,38.903315,-77.005803,0.00,0,0.00,,,58,0,0,-62.1,-62.1,,,283,2510.550000,20,30,C,2,2,1,0,848576,-86.19,-86.19,-10.8,28.91,-86.18,-86.18,-10.8,28.96,0,27.14,-86.24,-86.24,-10.8,24.13,-86.21,-86.21,-10.78,25.94,2F0624,,,,,,,,,,,,,,,,,,,
32409007,C00F,41,06/29/2026,16:15:56:109,2,00/00/0000,00:00:00:000,,38.903315,-77.005803,0.00,0,0.00,,,58,0,0,-62.1,-62.1,,,606,2510.550000,20,30,C,2,2,0,0,822256,-98.23,-98.23,-10.83,19.99,-98.4,-98.4,-11.01,17.07,64,19.61,-97.47,-97.47,-10.93,18.55,-98.04,-98.04,-11.23,19.19,2F0624,,,,,,,,,,,,,,,,,,,
32409007,C00F,41,06/29/2026,16:15:56:109,2,00/00/0000,00:00:00:000,,38.903304,-77.005747,0.00,0,0.00,,,59,0,0,-62,-62,,,283,2510.550000,20,30,C,2,2,1,0,848576,-86.15,-86.15,-10.8,31.56,-86.15,-86.15,-10.8,27.84,0,28.43,-86.27,-86.27,-10.87,25.39,-86.19,-86.19,-10.81,27.23,2F0624,,,,,,,,,,,,,,,,,,,
32409007,C00F,41,06/29/2026,16:15:56:109,2,00/00/0000,00:00:00:000,,38.903304,-77.005747,0.00,0,0.00,,,59,0,0,-62,-62,,,606,2510.550000,20,30,C,2,2,0,0,822256,-98.11,-98.11,-10.84,19.46,-98.33,-98.33,-10.98,17.65,64,20.4,-97.39,-97.39,-10.93,18.56,-97.95,-97.95,-11.22,19.64,2F0624,,,,,,,,,,,,,,,,,,,
32409007,C00F,41,06/29/2026,16:17:45:250,2,00/00/0000,00:00:00:000,,38.903294,-77.005691,0.00,0,0.00,,,60,0,0,-65.8,-65.8,,,606,2510.550000,20,30,C,2,2,0,0,822256,-89.79,-89.79,-10.8,32.04,-89.79,-89.79,-10.8,25.05,0,26.6,-90.1,-90.1,-10.83,22.84,-89.89,-89.89,-10.71,25.08,030624,6E80160A098849813FB80050C5584E2826234904FEE00143156138000C50030810C04B082802000002F46407330F9B82010000008400020834601440350A22010400005E9E3901CCDA41203A981AA8332009C17BC11B84370C6E20DC51B8C37206E48DF64BE32F2C79009300330118080C020100001395EE43000000,310;311,260;490,Stand Alone,90,2545.290000,5238272,5420441912,No,DDDFUU (3ms) | DDDD (2ms),D3-d3-f8u3-U2 | D4,0C00080010275FF600000000,12,00,08,00,10,39,5FF600000000
32409007,C00F,41,06/29/2026,16:17:45:250,2,00/00/0000,00:00:00:000,,38.903294,-77.005691,0.00,0,0.00,,,60,0,0,-65.8,-65.8,,,283,2510.550000,20,30,C,2,2,1,0,848560,-94.12,-94.12,-10.81,23.47,-94.12,-94.12,-10.95,17.59,16,20.83,-93.15,-93.15,-11.03,17.03,-95.74,-95.74,-13.28,20.83,030624,6E80160A098849813FB80050C5584DE826234904FEE00143156137000C50030810C04B082802000002F46407330F9B82010000008400020834601440350A22010400005E9E3901CCDA41203A981AA833200DF17BC11B84370C6E20DC51B8C37206E48DF64BE28DAC78809300330118080C020100001395EE43000000,310;311,260;490,Stand Alone,90,2545.290000,5238272,5420441911,No,DDDFUU (3ms) | DDDD (2ms),D3-d3-f8u3-U2 | D4,0C00080010275FF600000000,12,00,08,00,10,39,5FF600000000
32409007,C00F,41,06/29/2026,16:17:45:265,2,00/00/0000,00:00:00:000,,38.903297,-77.005674,0.00,0,0.00,,,61,0,0,-65.1,-65.1,,,606,2510.550000,20,30,C,2,2,0,0,822256,-88.85,-88.85,-10.8,32.02,-88.81,-88.81,-10.8,28,0,27.76,-89.43,-89.43,-10.79,24.3,-89.02,-89.02,-10.6,26.44,030624,,,,,,,,,,,,,,,,,,,
32409007,C00F,41,06/29/2026,16:17:45:265,2,00/00/0000,00:00:00:000,,38.903297,-77.005674,0.00,0,0.00,,,61,0,0,-65.1,-65.1,,,283,2510.550000,20,30,C,2,2,1,0,848560,-93.04,-93.04,-10.81,25.03,-93.04,-93.04,-10.91,18.87,16,21.47,-93.61,-93.61,-10.95,18.09,-93.22,-93.22,-10.74,20.23,030624,,,,,,,,,,,,,,,,,,,
32409007,C00F,41,06/29/2026,16:17:45:265,2,00/00/0000,00:00:00:000,,38.903301,-77.005657,0.00,0,0.00,,,62,0,0,-64.2,-64.2,,,606,2510.550000,20,30,C,2,2,0,0,822256,-88.04,-88.04,-10.8,29.32,-87.97,-87.97,-10.81,27.33,0,26.77,-88.48,-88.48,-10.79,24.64,-88.15,-88.15,-10.64,26.02,030624,,,,,,,,,,,,,,,,,,,
32409007,C00F,41,06/29/2026,16:17:45:265,2,00/00/0000,00:00:00:000,,38.903301,-77.005657,0.00,0,0.00,,,62,0,0,-64.2,-64.2,,,283,2510.550000,20,30,C,2,2,1,0,848560,-91.55,-91.55,-10.8,28.14,-91.49,-91.49,-10.83,20.76,0,23.29,-92.8,-92.8,-11.08,18.47,-91.84,-91.84,-10.51,21.62,030624,,,,,,,,,,,,,,,,,,,
32409007,C00F,41,06/29/2026,16:17:45:265,2,00/00/0000,00:00:00:000,,38.903304,-77.005640,0.00,0,0.00,,,63,0,0,-63.5,-63.5,,,606,2510.550000,20,30,C,2,2,0,0,822256,-87.57,-87.57,-10.79,34.36,-87.57,-87.57,-10.8,27.68,0,28.13,-87.73,-87.73,-10.77,24.58,-87.62,-87.62,-10.72,26.68,030624,,,,,,,,,,,,,,,,,,,
32409007,C00F,41,06/29/2026,16:17:45:265,2,00/00/0000,00:00:00:000,,38.903304,-77.005640,0.00,0,0.00,,,63,0,0,-63.5,-63.5,,,283,2510.550000,20,30,C,2,2,1,0,848560,-90.53,-90.53,-10.79,30.26,-90.5,-90.5,-10.81,22.33,0,24.69,-91.47,-91.47,-11.08,18.46,-90.74,-90.74,-10.6,22.7,030624,,,,,,,,,,,,,,,,,,,
32409007,C00F,41,06/29/2026,16:19:13:781,2,00/00/0000,00:00:00:000,,38.903307,-77.005623,0.00,0,0.00,,,64,0,0,-67.4,-67.4,,,283,2510.550000,20,30,C,2,2,1,0,848512,-91.55,-91.55,-10.8,27.51,-91.54,-91.54,-10.81,24.2,0,25.19,-91.69,-91.69,-10.89,23.42,-91.59,-91.59,-10.81,24.55,550624,6E80160A098849813FB80050C5584DE826234904FEE00143156137000C50030810C04B082802000002F46407330F9B82010000008400020834601440350A22010400005E9E3901CCDA41203A981AA833200DF17BC11B84370C6E20DC51B8C37206E48DF64BE28DAC78809300330118080C020100001395EE43000000,310;311,260;490,Stand Alone,90,2545.290000,5238272,5420441911,No,DDDFUU (3ms) | DDDD (2ms),D3-d3-f8u3-U2 | D4,0C00080010275FF600000000,12,00,08,00,10,39,5FF600000000
32409007,C00F,41,06/29/2026,16:19:13:781,2,00/00/0000,00:00:00:000,,38.903307,-77.005623,0.00,0,0.00,,,64,0,0,-67.4,-67.4,,,606,2510.550000,20,30,C,2,2,0,0,822208,-101.02,-101.02,-10.82,20.53,-101.08,-101.08,-10.93,19.6,64,20.24,-99.26,-99.26,-10.78,20.41,-100.36,-100.36,-11.37,20.31,550624,6E80160A098849813FB80050C5584E2826234904FEE00143156138000C50030810C04B082802000002F46407330F9B82010000008400020834601440350A22010400005E9E3901CCDA41203A981AA8332009C17BC11B84370C6E20DC51B8C37206E48DF64BE32F2C79009300330118080C020100001395EE43000000,310;311,260;490,Stand Alone,90,2545.290000,5238272,5420441912,No,DDDFUU (3ms) | DDDD (2ms),D3-d3-f8u3-U2 | D4,0C00080010275FF600000000,12,00,08,00,10,39,5FF600000000
32409007,C00F,41,06/29/2026,16:19:13:801,2,00/00/0000,00:00:00:000,,38.903344,-77.005830,0.00,0,0.00,,,65,0,0,-67.5,-67.5,,,283,2510.550000,20,30,C,2,2,1,0,848512,-91.63,-91.63,-10.79,27.87,-91.58,-91.58,-10.8,28.09,0,26.78,-91.6,-91.6,-10.74,24.2,-91.61,-91.61,-10.77,25.77,550624,,,,,,,,,,,,,,,,,,,
32409007,C00F,41,06/29/2026,16:19:13:801,2,00/00/0000,00:00:00:000,,38.903344,-77.005830,0.00,0,0.00,,,65,0,0,-67.5,-67.5,,,606,2510.550000,20,30,C,2,2,0,0,822208,-100.96,-100.96,-10.82,21.13,-101.04,-101.04,-10.93,19.46,64,20.42,-99.6,-99.6,-11.17,17.12,-102.63,-102.63,-13.69,20.42,550624,,,,,,,,,,,,,,,,,,,
32409007,C00F,41,06/29/2026,16:19:13:801,2,00/00/0000,00:00:00:000,,38.903380,-77.006037,0.00,0,0.00,,,66,0,0,-67.5,-67.5,,,283,2510.550000,20,30,C,2,2,1,0,848512,-91.77,-91.77,-10.8,27.66,-91.61,-91.61,-10.81,25.57,0,25.99,-91.75,-91.75,-10.88,23.82,-91.71,-91.71,-10.83,25.17,570624,,,,,,,,,,,,,,,,,,,
32409007,C00F,41,06/29/2026,16:19:13:801,2,00/00/0000,00:00:00:000,,38.903380,-77.006037,0.00,0,0.00,,,66,0,0,-67.5,-67.5,,,606,2510.550000,20,30,C,2,2,0,0,822208,-100.98,-100.98,-10.83,19.9,-101.11,-101.11,-10.94,18.97,64,20.18,-99.5,-99.5,-11.06,17.62,-100.35,-100.35,-11.38,20.03,570624,,,,,,,,,,,,,,,,,,,
32409007,C00F,41,06/29/2026,16:19:13:801,2,00/00/0000,00:00:00:000,,38.903417,-77.006245,0.00,0,0.00,,,67,0,0,-67.5,-67.5,,,283,2510.550000,20,30,C,2,2,1,0,848512,-91.61,-91.61,-10.8,27.44,-91.61,-91.61,-10.8,27.47,0,26.25,-91.74,-91.74,-10.88,24.94,-91.65,-91.65,-10.81,25.79,570624,,,,,,,,,,,,,,,,,,,
32409007,C00F,41,06/29/2026,16:19:13:801,2,00/00/0000,00:00:00:000,,38.903417,-77.006245,0.00,0,0.00,,,67,0,0,-67.5,-67.5,,,606,2510.550000,20,30,C,2,2,0,0,822208,-100.96,-100.96,-10.82,20.4,-101.05,-101.05,-10.96,17.8,64,20,-99.26,-99.26,-10.79,20.51,-100.33,-100.33,-11.36,20.2,570624,,,,,,,,,,,,,,,,,,,
32409007,C00F,41,06/29/2026,16:21:02:919,2,00/00/0000,00:00:00:000,,38.903341,-77.005931,0.00,0,0.00,,,68,0,0,-83.8,-83.8,,,283,2510.550000,20,30,C,1,1,1,0,848448,-108.14,-108.14,-11.01,15.35,-108.12,-108.12,-11.09,14.05,16,15.65,-108.48,-108.48,-11.4,12.63,-108.24,-108.24,-11.16,14.5,2B0624,6E80160A098849813FB80050C5584DE826234904FEE00143156137000C50030810C04B082802000002F46407330F9B82010000008400020834601440350A22010400005E9E3901CCDA41203A981AA833200DF17BC11B84370C6E20DC51B8C37206E48DF64BE28DAC78809300330118080C020100001395EE43000000,310;311,260;490,Stand Alone,90,2545.290000,5238272,5420441911,No,DDDFUU (3ms) | DDDD (2ms),D3-d3-f8u3-U2 | D4,0C00080010274DE000000000,12,00,08,00,10,39,4DE000000000
32409007,C00F,41,06/29/2026,16:21:02:927,2,00/00/0000,00:00:00:000,,38.903356,-77.006019,0.00,0,0.00,,,69,0,0,-83.8,-83.8,,,283,2510.550000,20,30,C,1,1,1,0,848448,-108.28,-108.28,-11.04,14.84,-108.02,-108.02,-11.1,13.04,16,14.82,-108.41,-108.41,-11.31,13.97,-108.23,-108.23,-11.14,14.54,2B0624,,,,,,,,,,,,,,,,,,,
32409007,C00F,41,06/29/2026,16:21:02:927,2,00/00/0000,00:00:00:000,,38.903372,-77.006108,0.00,0,0.00,,,70,0,0,-83.6,-83.6,,,283,2510.550000,20,30,C,1,1,1,0,848448,-108.22,-108.22,-11.23,11.39,-107.92,-107.92,-11.19,12.46,16,12.91,-108.64,-108.64,-11.68,10.63,-108.24,-108.24,-11.31,12.11,2B0624,,,,,,,,,,,,,,,,,,,
32409007,C00F,41,06/29/2026,16:21:02:927,2,00/00/0000,00:00:00:000,,38.903387,-77.006196,0.00,0,0.00,,,71,0,0,-84,-84,,,283,2510.550000,20,30,C,1,1,1,0,848448,-108.45,-108.45,-11.01,15.18,-108.38,-108.38,-11.05,14.38,16,15.76,-108.47,-108.47,-11.24,12.99,-108.43,-108.43,-11.15,14.67,2B0624,,,,,,,,,,,,,,,,,,,
32409007,C00F,41,06/29/2026,16:22:21:055,2,00/00/0000,00:00:00:000,,38.903403,-77.006285,0.00,0,0.00,,,72,0,0,-82.1,-82.1,,,606,2510.550000,20,30,C,2,2,0,0,822160,-107.01,-107.01,-11.01,16.99,-106.98,-106.98,-11.13,13.69,0,16,-108.06,-108.06,-11.11,12.63,-107.31,-107.31,-10.74,14.8,7B0624,6E80160A098849813FB80050C5584E2826234904FEE00143156138000C50030810C04B082802000002F46407330F9B82010000008400020834601440350A22010400005E9E3901CCDA41203A981AA8332009C17BC11B84370C6E20DC51B8C37206E48DF64BE32F2C79009300330118080C020100001395EE43000000,310;311,260;490,Stand Alone,90,2545.290000,5238272,5420441912,No,DDDFUU (3ms) | DDDD (2ms),D3-d3-f8u3-U2 | D4,0C00080010275FF600000000,12,00,08,00,10,39,5FF600000000
32409007,C00F,41,06/29/2026,16:22:21:055,2,00/00/0000,00:00:00:000,,38.903403,-77.006285,0.00,0,0.00,,,72,0,0,-82.1,-82.1,,,283,2510.550000,20,30,C,2,2,1,0,848436,-108.61,-108.61,-11.28,13.19,-108.05,-108.05,-11.43,11.4,208,13.14,-106.07,-106.07,-11.31,13.42,-107.46,-107.46,-12.07,13.26,7B0624,6E80160A098849813FB80050C5584DE826234904FEE00143156137000C50030810C04B082802000002F46407330F9B82010000008400020834601440350A22010400005E9E3901CCDA41203A981AA833200DF17BC11B84370C6E20DC51B8C37206E48DF64BE28DAC78809300330118080C020100001395EE43000000,310;311,260;490,Stand Alone,90,2545.290000,5238272,5420441911,No,DDDFUU (3ms) | DDDD (2ms),D3-d3-f8u3-U2 | D4,0C00080010275FF600000000,12,00,08,00,10,39,5FF600000000
32409007,C00F,41,06/29/2026,16:22:21:070,2,00/00/0000,00:00:00:000,,38.903396,-77.006302,0.00,0,0.00,,,73,0,0,-82,-82,,,283,2510.550000,20,30,C,2,2,1,0,848436,-108.32,-108.32,-11.21,14.57,-107.84,-107.84,-11.41,11.71,224,13.83,-105.98,-105.98,-11.3,13.49,-107.28,-107.28,-12,13.68,7B0624,,,,,,,,,,,,,,,,,,,
32409007,C00F,41,06/29/2026,16:22:21:070,2,00/00/0000,00:00:00:000,,38.903396,-77.006302,0.00,0,0.00,,,73,0,0,-82,-82,,,606,2510.550000,20,30,C,2,2,0,0,822160,-107.05,-107.05,-11.04,15.66,-107.17,-107.17,-11.14,13.04,0,15.17,-108.12,-108.12,-11.1,13.77,-107.41,-107.41,-10.76,14.74,7B0624,,,,,,,,,,,,,,,,,,,
32409007,C00F,41,06/29/2026,16:22:21:070,2,00/00/0000,00:00:00:000,,38.903389,-77.006319,0.00,0,0.00,,,74,0,0,-81.9,-81.9,,,283,2510.550000,20,30,C,2,2,1,0,848436,-108.19,-108.19,-11.34,12.62,-107.69,-107.69,-11.48,10.83,240,12.59,-106.13,-106.13,-11.5,11.57,-107.27,-107.27,-12.08,12.13,7B0624,,,,,,,,,,,,,,,,,,,
32409007,C00F,41,06/29/2026,16:22:21:070,2,00/00/0000,00:00:00:000,,38.903389,-77.006319,0.00,0,0.00,,,74,0,0,-81.9,-81.9,,,606,2510.550000,20,30,C,2,2,0,0,822160,-107.06,-107.06,-11.18,13.07,-107.18,-107.18,-11.28,11.42,0,13.18,-108.38,-108.38,-11.49,10.66,-107.49,-107.49,-10.97,12.37,7B0624,,,,,,,,,,,,,,,,,,,
32409007,C00F,41,06/29/2026,16:22:21:071,2,00/00/0000,00:00:00:000,,38.903383,-77.006336,0.00,0,0.00,,,75,0,0,-81.8,-81.8,,,283,2510.550000,20,30,C,2,2,1,0,848436,-107.63,-107.63,-11.13,15.27,-107.41,-107.41,-11.37,12.11,176,14.37,-105.96,-105.96,-11.37,13.54,-106.95,-106.95,-11.86,14.01,7B0624,,,,,,,,,,,,,,,,,,,
32409007,C00F,41,06/29/2026,16:22:21:071,2,00/00/0000,00:00:00:000,,38.903383,-77.006336,0.00,0,0.00,,,75,0,0,-81.8,-81.8,,,606,2510.550000,20,30,C,2,2,0,0,822160,-106.97,-106.97,-11,16.91,-107.07,-107.07,-11.11,14.33,0,16.41,-108.16,-108.16,-11.18,13.38,-107.35,-107.35,-10.75,15.37,7B0624,,,,,,,,,,,,,,,,,,,
32409007,C00F,41,06/29/2026,16:24:09:213,2,00/00/0000,00:00:00:000,,38.903268,-77.005749,0.00,0,0.00,,,76,0,0,-69.3,-69.3,,,283,2510.550000,20,30,C,2,2,1,0,848368,-93.22,-93.22,-10.8,28.96,-93.35,-93.35,-10.81,22.82,0,24.72,-93.58,-93.58,-10.88,22.75,-93.38,-93.38,-10.75,24.01,430624,6E80160A098849813FB80050C5584DE826234904FEE00143156137000C50030810C04B082802000002F46407330F9B82010000008400020834601440350A22010400005E9E3901CCDA41203A981AA833200DF17BC11B84370C6E20DC51B8C37206E48DF64BE28DAC78809300330118080C020100001395EE43000000,310;311,260;490,Stand Alone,90,2545.290000,5238272,5420441911,No,DDDFUU (3ms) | DDDD (2ms),D3-d3-f8u3-U2 | D4,0C00080010275FF600000000,12,00,08,00,10,39,5FF600000000
32409007,C00F,41,06/29/2026,16:24:09:213,2,00/00/0000,00:00:00:000,,38.903268,-77.005749,0.00,0,0.00,,,76,0,0,-69.3,-69.3,,,606,2510.550000,20,30,C,2,2,0,0,822104,-103.01,-103.01,-10.93,18.9,-103.23,-103.23,-11.03,15.4,112,17.75,-104.42,-104.42,-11.59,13.4,-103.5,-103.5,-10.92,16.14,430624,6E80160A098849813FB80050C5584E2826234904FEE00143156138000C50030810C04B082802000002F46407330F9B82010000008400020834601440350A22010400005E9E3901CCDA41203A981AA8332009C17BC11B84370C6E20DC51B8C37206E48DF64BE32F2C79009300330118080C020100001395EE43000000,310;311,260;490,Stand Alone,90,2545.290000,5238272,5420441912,No,DDDFUU (3ms) | DDDD (2ms),D3-d3-f8u3-U2 | D4,0C00080010275FF600000000,12,00,08,00,10,39,5FF600000000
32409007,C00F,41,06/29/2026,16:24:09:229,2,00/00/0000,00:00:00:000,,38.903267,-77.005770,0.00,0,0.00,,,77,0,0,-69.2,-69.2,,,283,2510.550000,20,30,C,2,2,1,0,848368,-93.18,-93.18,-10.8,31.07,-93.33,-93.33,-10.81,22.94,0,25.24,-93.47,-93.47,-10.83,21.94,-93.32,-93.32,-10.74,23.93,430624,,,,,,,,,,,,,,,,,,,
32409007,C00F,41,06/29/2026,16:24:09:229,2,00/00/0000,00:00:00:000,,38.903267,-77.005770,0.00,0,0.00,,,77,0,0,-69.2,-69.2,,,606,2510.550000,20,30,C,2,2,0,0,822104,-102.99,-102.99,-10.91,20.04,-103.11,-103.11,-11.02,15.39,112,18.04,-104.27,-104.27,-11.33,14.08,-103.4,-103.4,-10.78,16.61,430624,,,,,,,,,,,,,,,,,,,
32409007,C00F,41,06/29/2026,16:24:09:229,2,00/00/0000,00:00:00:000,,38.903265,-77.005791,0.00,0,0.00,,,78,0,0,-69.2,-69.2,,,283,2510.550000,20,30,C,2,2,1,0,848368,-93.15,-93.15,-10.8,29.65,-93.27,-93.27,-10.81,22.4,0,24.73,-93.45,-93.45,-10.82,21.63,-93.29,-93.29,-10.74,23.52,430624,,,,,,,,,,,,,,,,,,,
32409007,C00F,41,06/29/2026,16:24:09:229,2,00/00/0000,00:00:00:000,,38.903265,-77.005791,0.00,0,0.00,,,78,0,0,-69.2,-69.2,,,606,2510.550000,20,30,C,2,2,0,0,822104,-103.14,-103.14,-10.93,19.13,-103.15,-103.15,-11.06,14.64,112,17.25,-104.26,-104.26,-11.26,14.12,-103.47,-103.47,-10.79,16.17,430624,,,,,,,,,,,,,,,,,,,
32409007,C00F,41,06/29/2026,16:24:09:229,2,00/00/0000,00:00:00:000,,38.903264,-77.005813,0.00,0,0.00,,,79,0,0,-69.2,-69.2,,,283,2510.550000,20,30,C,2,2,1,0,848368,-93.21,-93.21,-10.8,30.78,-93.29,-93.29,-10.81,23.18,0,25.35,-93.54,-93.54,-10.92,22.27,-93.34,-93.34,-10.77,24.15,430624,,,,,,,,,,,,,,,,,,,
32409007,C00F,41,06/29/2026,16:24:09:229,2,00/00/0000,00:00:00:000,,38.903264,-77.005813,0.00,0,0.00,,,79,0,0,-69.2,-69.2,,,606,2510.550000,20,30,C,2,2,0,0,822104,-103.13,-103.13,-10.91,20.27,-103.27,-103.27,-11.1,13.75,112,16.85,-104.5,-104.5,-11.57,12.54,-103.58,-103.58,-10.92,15.27,430624,,,,,,,,,,,,,,,,,,,
32409007,C00F,41,06/29/2026,16:25:39:062,2,00/00/0000,00:00:00:000,,38.903307,-77.006094,0.00,0,0.00,,,80,0,0,-61.7,-61.7,,,283,2510.550000,20,30,C,1,1,1,0,848284,-85.41,-85.41,-10.8,29.74,-85.51,-85.51,-10.83,19.78,0,22.73,-86.38,-86.38,-11.05,18.84,-85.7,-85.7,-10.62,21.3,270624,6E80160A098849813FB80050C5584DE826234904FEE00143156137000C50030810C04B082802000002F46407330F9B82010000008400020834601440350A22010400005E9E3901CCDA41203A981AA833200DF17BC11B84370C6E20DC51B8C37206E48DF64BE28DAC78809300330118080C020100001395EE43000000,310;311,260;490,Stand Alone,90,2545.290000,5238272,5420441911,No,DDDFUU (3ms) | DDDD (2ms),D3-d3-f8u3-U2 | D4,0C00080010275FF600000000,12,00,08,00,10,39,5FF600000000
32409007,C00F,41,06/29/2026,16:25:39:071,2,00/00/0000,00:00:00:000,,38.903305,-77.006097,0.00,0,0.00,,,81,0,0,-61.7,-61.7,,,283,2510.550000,20,30,C,1,1,1,0,848284,-85.61,-85.61,-10.8,32.02,-85.76,-85.76,-10.92,18.5,0,22.51,-86.1,-86.1,-10.98,18.19,-85.73,-85.73,-10.71,20.65,270624,,,,,,,,,,,,,,,,,,,
32409007,C00F,41,06/29/2026,16:25:39:071,2,00/00/0000,00:00:00:000,,38.903302,-77.006101,0.00,0,0.00,,,82,0,0,-62.5,-62.5,,,283,2510.550000,20,30,C,1,1,1,0,848284,-86.84,-86.84,-10.8,30.36,-86.99,-86.99,-10.96,16.69,0,20.43,-86.76,-86.76,-11.01,16.77,-86.88,-86.88,-11.03,18.65,270624,,,,,,,,,,,,,,,,,,,
32409007,C00F,41,06/29/2026,16:25:39:071,2,00/00/0000,00:00:00:000,,38.903299,-77.006104,0.00,0,0.00,,,83,0,0,-64.5,-64.5,,,283,2510.550000,20,30,C,1,1,1,0,848284,-89.25,-89.25,-10.81,23,-89.42,-89.42,-11.02,15.44,16,23.3,-88.66,-88.66,-11.13,15,-93.94,-93.94,-16.12,23.3,270624,,,,,,,,,,,,,,,,,,,
32409007,C00F,41,06/29/2026,16:27:29:949,2,00/00/0000,00:00:00:000,,38.903324,-77.006193,0.00,0,0.00,,,84,0,0,-81.5,-81.5,,,283,2510.550000,20,30,C,3,3,1,0,848320,-106.19,-106.19,-10.97,16.74,-106.31,-106.31,-11.32,10.69,128,13.75,-106.52,-106.52,-11.82,9.32,-106.34,-106.34,-11.49,11.86,0F0624,6E80160A098849813FB80050C5584DE826234904FEE00143156137000C50030810C04B082802000002F46407330F9B82010000008400020834601440350A22010400005E9E3901CCDA41203A981AA833200DF17BC11B84370C6E20DC51B8C37206E48DF64BE28DAC78809300330118080C020100001395EE43000000,310;311,260;490,Stand Alone,90,2545.290000,5238272,5420441911,No,DDDFUU (3ms) | DDDD (2ms),D3-d3-f8u3-U2 | D4,0C00080010275FF600000000,12,00,08,00,10,39,5FF600000000
32409007,C00F,41,06/29/2026,16:27:29:949,2,00/00/0000,00:00:00:000,,38.903324,-77.006193,0.00,0,0.00,,,84,0,0,-81.5,-81.5,,,606,2510.550000,20,30,C,3,3,0,0,822008,-113.63,-113.63,-11.68,9.11,-114.19,-114.19,-12.12,5.93,272,8.27,-115.31,-115.31,-12.99,5.02,-114.31,-114.31,-12.09,7.19,0F0624,,,,Stand Alone,90,2545.290000,,,,,,,,,,,,,
32409007,C00F,41,06/29/2026,16:27:29:949,2,00/00/0000,00:00:00:000,,38.903324,-77.006193,0.00,0,0.00,,,84,0,0,-81.5,-81.5,,,599,2510.550000,20,30,C,3,3,2,0,883604,-117.36,-117.36,-12.05,6.7,-118.56,-118.56,-14.94,-1.05,0,1.55,-120.49,-120.49,-15.86,-2.15,-118.59,-118.59,-14.04,0.48,0F0624,,,,Stand Alone,90,2545.290000,,,,,,0C00080010275FF600000000,12,00,08,00,10,39,5FF600000000
32409007,C00F,41,06/29/2026,16:27:29:972,2,00/00/0000,00:00:00:000,,38.903354,-77.006357,0.00,0,0.00,,,85,0,0,-80.2,-80.2,,,283,2510.550000,20,30,C,3,3,1,0,848320,-105.5,-105.5,-10.93,17.94,-105.78,-105.78,-11.23,11.46,160,14.66,-104.62,-104.62,-11.48,9.93,-105.28,-105.28,-11.7,12.26,0F0624,,,,,,,,,,,,,,,,,,,
32409007,C00F,41,06/29/2026,16:27:29:972,2,00/00/0000,00:00:00:000,,38.903354,-77.006357,0.00,0,0.00,,,85,0,0,-80.2,-80.2,,,606,2510.550000,20,30,C,3,3,0,0,822008,-114.43,-114.43,-11.97,7.32,-115.95,-115.95,-13.1,1.72,304,4.98,-114.66,-114.66,-12.46,6.37,-114.97,-114.97,-12.63,5.41,0F0624,,,,,,,,,,,,,,,,,,,
32409007,C00F,41,06/29/2026,16:27:29:972,2,00/00/0000,00:00:00:000,,38.903354,-77.006357,0.00,0,0.00,,,85,0,0,-80.2,-80.2,,,599,2510.550000,20,30,C,3,3,2,0,883604,-118.78,-118.78,-14.71,-0.88,-119.28,-119.28,-16.1,-2.59,0,-2.21,-119.34,-119.34,-16.37,-3.38,-119.12,-119.12,-15.94,-2.6,0F0624,,,,,,,,,,,,,,,,,,,
32409007,C00F,41,06/29/2026,16:27:29:972,2,00/00/0000,00:00:00:000,,38.903383,-77.006521,0.00,0,0.00,,,86,0,0,-78.8,-78.8,,,283,2510.550000,20,30,C,3,3,1,0,848320,-104.68,-104.68,-10.9,20.33,-105.05,-105.05,-11.37,9.81,48,13.57,-103.06,-103.06,-11.55,10.99,-104.2,-104.2,-12.04,12.31,0F0624,,,,,,,,,,,,,,,,,,,
32409007,C00F,41,06/29/2026,16:27:29:972,2,00/00/0000,00:00:00:000,,38.903383,-77.006521,0.00,0,0.00,,,86,0,0,-78.8,-78.8,,,606,2510.550000,20,30,C,3,3,0,0,822008,-114.82,-114.82,-11.61,9.75,-116.09,-116.09,-13.08,1.74,320,5.43,-115,-115,-12.8,3.29,-115.28,-115.28,-12.78,4.57,0F0624,,,,,,,,,,,,,,,,,,,
32409007,C00F,41,06/29/2026,16:27:29:972,2,00/00/0000,00:00:00:000,,38.903383,-77.006521,0.00,0,0.00,,,86,0,0,-78.8,-78.8,,,599,2510.550000,20,30,C,3,3,2,0,883604,-119.33,-119.33,-13.12,1.67,-119.04,-119.04,-14.53,-0.88,0,0.49,-119.86,-119.86,-15.21,-1.51,-119.39,-119.39,-14.53,-0.18,0F0624,,,,,,,,,,,,,,,,,,,
32409007,C00F,41,06/29/2026,16:27:29:972,2,00/00/0000,00:00:00:000,,38.903412,-77.006684,0.00,0,0.00,,,87,0,0,-77,-77,,,283,2510.550000,20,30,C,3,3,1,0,848320,-103.21,-103.21,-10.93,19.74,-103.57,-103.57,-11.38,10.3,64,13.95,-100.95,-100.95,-11.41,12.63,-102.44,-102.44,-12.14,13.3,0F0624,,,,,,,,,,,,,,,,,,,
32409007,C00F,41,06/29/2026,16:27:29:972,2,00/00/0000,00:00:00:000,,38.903412,-77.006684,0.00,0,0.00,,,87,0,0,-77,-77,,,606,2510.550000,20,30,C,3,3,0,0,822008,-115.63,-115.63,-11.72,8.56,-115.61,-115.61,-12.34,5.06,128,7.39,-115.53,-115.53,-13.04,4.77,-115.59,-115.59,-12.75,6.36,0F0624,,,,,,,,,,,,,,,,,,,
32409007,C00F,41,06/29/2026,16:27:29:972,2,00/00/0000,00:00:00:000,,38.903412,-77.006684,0.00,0,0.00,,,87,0,0,-77,-77,,,599,2510.550000,20,30,C,3,3,2,0,883604,-119.7,-119.7,-12.98,3.28,-120.3,-120.3,-14.92,-1.17,0,0.58,-120.64,-120.64,-15.86,-2.6,-120.19,-120.19,-15.03,-0.59,0F0624,,,,,,,,,,,,,,,,,,,
32409007,C00F,41,06/29/2026,16:29:07:126,2,00/00/0000,00:00:00:000,,38.903442,-77.006848,0.00,0,0.00,,,88,0,0,-69.7,-69.7,,,283,2510.550000,20,30,C,1,1,1,0,848256,-93.24,-93.24,-10.8,27.74,-93.18,-93.18,-10.82,22.91,0,24.55,-94.24,-94.24,-10.87,20.75,-93.52,-93.52,-10.5,23.15,4F0624,6E80160A098849813FB80050C5584DE826234904FEE00143156137000C50030810C04B082802000002F46407330F9B82010000008400020834601440350A22010400005E9E3901CCDA41203A981AA833200DF17BC11B84370C6E20DC51B8C37206E48DF64BE28DAC78809300330118080C020100001395EE43000000,310;311,260;490,Stand Alone,90,2545.290000,5238272,5420441911,No,DDDFUU (3ms) | DDDD (2ms),D3-d3-f8u3-U2 | D4,0C00080010274DE000000000,12,00,08,00,10,39,4DE000000000
32409007,C00F,41,06/29/2026,16:29:07:133,2,00/00/0000,00:00:00:000,,38.903471,-77.007011,0.00,0,0.00,,,89,0,0,-69.5,-69.5,,,283,2510.550000,20,30,C,1,1,1,0,848256,-92.99,-92.99,-10.8,29.06,-93.01,-93.01,-10.82,22.42,0,24.58,-93.99,-93.99,-10.78,21.09,-93.29,-93.29,-10.46,23.32,4F0624,,,,,,,,,,,,,,,,,,,
32409007,C00F,41,06/29/2026,16:29:07:133,2,00/00/0000,00:00:00:000,,38.903500,-77.007175,0.00,0,0.00,,,90,0,0,-69.4,-69.4,,,283,2510.550000,20,30,C,1,1,1,0,848256,-92.84,-92.84,-10.8,29.15,-92.87,-92.87,-10.81,23.09,0,24.94,-93.96,-93.96,-10.84,20.78,-93.18,-93.18,-10.46,23.38,4F0624,,,,,,,,,,,,,,,,,,,
32409007,C00F,41,06/29/2026,16:29:07:134,2,00/00/0000,00:00:00:000,,38.903530,-77.007339,0.00,0,0.00,,,91,0,0,-69.4,-69.4,,,283,2510.550000,20,30,C,1,1,1,0,848256,-92.93,-92.93,-10.8,29.14,-92.94,-92.94,-10.81,23.14,0,24.97,-94.08,-94.08,-10.92,21.31,-93.27,-93.27,-10.5,23.66,4F0624,,,,,,,,,,,,,,,,,,,
32409007,C00F,41,06/29/2026,16:30:55:971,2,00/00/0000,00:00:00:000,,38.903559,-77.007502,0.00,0,0.00,,,92,0,0,-77.2,-77.2,,,283,2510.550000,20,30,C,2,2,1,0,848200,-103.3,-103.3,-11.04,17.71,-103.41,-103.41,-11.12,15.23,160,17.27,-100.94,-100.94,-11.12,14.77,-102.42,-102.42,-11.9,15.96,1D0624,6E80160A098849813FB80050C5584DE826234904FEE00143156137000C50030810C04B082802000002F46407330F9B82010000008400020834601440350A22010400005E9E3901CCDA41203A981AA833200DF17BC11B84370C6E20DC51B8C37206E48DF64BE28DAC78809300330118080C020100001395EE43000000,310;311,260;490,Stand Alone,90,2545.290000,5238272,5420441911,No,DDDFUU (3ms) | DDDD (2ms),D3-d3-f8u3-U2 | D4,0C00080010275FF600000000,12,00,08,00,10,39,5FF600000000
32409007,C00F,41,06/29/2026,16:30:55:971,2,00/00/0000,00:00:00:000,,38.903559,-77.007502,0.00,0,0.00,,,92,0,0,-77.2,-77.2,,,606,2510.550000,20,30,C,2,2,0,0,821920,-114.7,-114.7,-11.86,8.5,-116.78,-116.78,-14.29,-0.38,160,3.2,-119.43,-119.43,-15.56,-1.9,-116.52,-116.52,-13.11,1.84,1D0624,,,,Stand Alone,90,2545.290000,,,,,,,,,,,,,
32409007,C00F,41,06/29/2026,16:30:55:994,2,00/00/0000,00:00:00:000,,38.903562,-77.007492,0.00,0,0.00,,,93,0,0,-77.1,-77.1,,,283,2510.550000,20,30,C,2,2,1,0,848200,-103.38,-103.38,-11.04,18.32,-103.54,-103.54,-11.17,14.29,80,16.8,-100.96,-100.96,-11.23,14.8,-102.49,-102.49,-12.02,15.77,1D0624,,,,,,,,,,,,,,,,,,,
32409007,C00F,41,06/29/2026,16:30:55:994,2,00/00/0000,00:00:00:000,,38.903562,-77.007492,0.00,0,0.00,,,93,0,0,-77.1,-77.1,,,606,2510.550000,20,30,C,2,2,0,0,821920,-114.42,-114.42,-11.52,11.04,-117.04,-117.04,-13.81,0.62,304,4.68,-120.33,-120.33,-16.71,-3.71,-116.58,-116.58,-13.17,2.12,1D0624,,,,,,,,,,,,,,,,,,,
32409007,C00F,41,06/29/2026,16:30:55:994,2,00/00/0000,00:00:00:000,,38.903566,-77.007481,0.00,0,0.00,,,94,0,0,-77.2,-77.2,,,283,2510.550000,20,30,C,2,2,1,0,848200,-103.38,-103.38,-11.02,18.54,-103.65,-103.65,-11.12,15.63,80,17.78,-100.95,-100.95,-11.1,14.55,-102.51,-102.51,-11.93,15.99,1D0624,,,,,,,,,,,,,,,,,,,
32409007,C00F,41,06/29/2026,16:30:55:994,2,00/00/0000,00:00:00:000,,38.903566,-77.007481,0.00,0,0.00,,,94,0,0,-77.2,-77.2,,,606,2510.550000,20,30,C,2,2,0,0,821920,-114.57,-114.57,-11.73,8.88,-117.41,-117.41,-14.24,-0.08,256,3.89,-121.03,-121.03,-17.48,-4.1,-116.87,-116.87,-13.52,1.7,1D0624,,,,,,,,,,,,,,,,,,,
32409007,C00F,41,06/29/2026,16:30:55:994,2,00/00/0000,00:00:00:000,,38.903569,-77.007470,0.00,0,0.00,,,95,0,0,-77,-77,,,283,2510.550000,20,30,C,2,2,1,0,848200,-103.14,-103.14,-11.01,18.49,-103.41,-103.41,-11.19,14.29,80,16.87,-100.88,-100.88,-11.23,15.25,-102.35,-102.35,-11.98,16.06,1F0624,,,,,,,,,,,,,,,,,,,
32409007,C00F,41,06/29/2026,16:30:55:994,2,00/00/0000,00:00:00:000,,38.903569,-77.007470,0.00,0,0.00,,,95,0,0,-77,-77,,,606,2510.550000,20,30,C,2,2,0,0,821920,-114.98,-114.98,-11.73,8.75,-116.64,-116.64,-13.65,0.87,128,4.29,-119.69,-119.69,-16.22,-2.83,-116.65,-116.65,-13.32,2.07,1F0624,,,,,,,,,,,,,,,,,,,
32409007,C00F,41,06/29/2026,16:32:20:654,2,00/00/0000,00:00:00:000,,38.903573,-77.007460,0.00,0,0.00,,,96,0,0,-81.4,-81.4,,,283,2510.550000,20,30,C,2,2,1,0,848144,-106.2,-106.2,-11,17.71,-106.26,-106.26,-11.09,15.56,0,17.47,-105.61,-105.61,-11.07,16.76,-106.02,-106.02,-11.27,17.21,410624,6E80160A098849813FB80050C5584DE826234904FEE00143156137000C50030810C04B082802000002F46407330F9B82010000008400020834601440350A22010400005E9E3901CCDA41203A981AA833200DF17BC11B84370C6E20DC51B8C37206E48DF64BE28DAC78809300330118080C020100001395EE43000000,310;311,260;490,Stand Alone,90,2545.290000,5238272,5420441911,No,DDDFUU (3ms) | DDDD (2ms),D3-d3-f8u3-U2 | D4,0C00080010274DE000000000,12,00,08,00,10,39,4DE000000000
32409007,C00F,41,06/29/2026,16:32:20:654,2,00/00/0000,00:00:00:000,,38.903573,-77.007460,0.00,0,0.00,,,96,0,0,-81.4,-81.4,,,606,2510.550000,20,30,C,2,2,0,0,821872,-118.19,-118.19,-12.05,6.28,-119.36,-119.36,-12.68,3.83,256,5.99,-121.2,-121.2,-14.26,2.01,-119.39,-119.39,-12.65,4.79,410624,6E80160A098849813FB80050C5584E2826234904FEE00143156138000C50030810C04B082802000002F46407330F9B82010000008400020834601440350A22010400005E9E3901CCDA41203A981AA8332009C17BC11B84370C6E20DC51B8C37206E48DF64BE32F2C79009300330118080C020100001395EE43000000,310;311,260;490,Stand Alone,90,2545.290000,5238272,5420441912,No,DDDFUU (3ms) | DDDD (2ms),D3-d3-f8u3-U2 | D4,0C00080010274DE000000000,12,00,08,00,10,39,4DE000000000
32409007,C00F,41,06/29/2026,16:32:20:668,2,00/00/0000,00:00:00:000,,38.903545,-77.007301,0.00,0,0.00,,,97,0,0,-81.4,-81.4,,,283,2510.550000,20,30,C,2,2,1,0,848144,-106.26,-106.26,-11.04,16.44,-106.26,-106.26,-11.05,16.35,0,17.29,-105.44,-105.44,-10.93,16.82,-105.98,-105.98,-11.24,17.12,410624,,,,,,,,,,,,,,,,,,,
32409007,C00F,41,06/29/2026,16:32:20:668,2,00/00/0000,00:00:00:000,,38.903545,-77.007301,0.00,0,0.00,,,97,0,0,-81.4,-81.4,,,606,2510.550000,20,30,C,2,2,0,0,821872,-118.95,-118.95,-12.28,5.8,-119.08,-119.08,-12.7,3.68,0,5.53,-120.72,-120.72,-13.6,3.2,-119.49,-119.49,-12.58,4.84,410624,,,,,,,,,,,,,,,,,,,
32409007,C00F,41,06/29/2026,16:32:20:668,2,00/00/0000,00:00:00:000,,38.903516,-77.007143,0.00,0,0.00,,,98,0,0,-81.3,-81.3,,,283,2510.550000,20,30,C,2,2,1,0,848144,-106.06,-106.06,-11.04,16.74,-106.12,-106.12,-11.04,16.75,0,17.64,-105.66,-105.66,-11.21,16,-105.95,-105.95,-11.3,17.01,410624,,,,,,,,,,,,,,,,,,,
32409007,C00F,41,06/29/2026,16:32:20:668,2,00/00/0000,00:00:00:000,,38.903516,-77.007143,0.00,0,0.00,,,98,0,0,-81.3,-81.3,,,606,2510.550000,20,30,C,2,2,0,0,821872,-119.55,-119.55,-12.65,4.73,-118.66,-118.66,-12.66,3.41,80,4.85,-120.9,-120.9,-14.28,1.29,-119.59,-119.59,-13.03,3.71,410624,,,,,,,,,,,,,,,,,,,
32409007,C00F,41,06/29/2026,16:32:20:668,2,00/00/0000,00:00:00:000,,38.903488,-77.006984,0.00,0,0.00,,,99,0,0,-81.4,-81.4,,,283,2510.550000,20,30,C,2,2,1,0,848144,-106.1,-106.1,-10.98,17.95,-106.19,-106.19,-11.11,15.02,0,17.22,-105.48,-105.48,-11,16.76,-105.92,-105.92,-11.24,17.05,410624,,,,,,,,,,,,,,,,,,,
32409007,C00F,41,06/29/2026,16:32:20:668,2,00/00/0000,00:00:00:000,,38.903488,-77.006984,0.00,0,0.00,,,99,0,0,-81.4,-81.4,,,606,2510.550000,20,30,C,2,2,0,0,821872,-118.87,-118.87,-12.48,4.29,-119.82,-119.82,-13.03,2.44,256,4.21,-120.53,-120.53,-13.35,2.63,-119.68,-119.68,-12.7,3.74,410624,,,,,,,,,,,,,,,,,,,
32409007,C00F,41,06/29/2026,16:34:05:565,2,00/00/0000,00:00:00:000,,38.903460,-77.006826,0.00,0,0.00,,,100,0,0,-87.8,-87.8,,,283,2510.550000,20,30,C,2,2,1,0,848112,-114.67,-114.67,-11.44,10.52,-114.27,-114.27,-11.55,9.43,208,10.92,-111.86,-111.86,-11.59,11.92,-113.45,-113.45,-12.42,11.35,610624,6E80160A098849813FB80050C5584DE826234904FEE00143156137000C50030810C04B082802000002F46407330F9B82010000008400020834601440350A22010400005E9E3901CCDA41203A981AA833200DF17BC11B84370C6E20DC51B8C37206E48DF64BE28DAC78809300330118080C020100001395EE43000000,310;311,260;490,Stand Alone,90,2545.290000,5238272,5420441911,No,DDDFUU (3ms) | DDDD (2ms),D3-d3-f8u3-U2 | D4,0C00080010275FF600000000,12,00,08,00,10,39,5FF600000000
32409007,C00F,41,06/29/2026,16:34:05:565,2,00/00/0000,00:00:00:000,,38.903460,-77.006826,0.00,0,0.00,,,100,0,0,-87.8,-87.8,,,606,2510.550000,20,30,C,2,2,0,0,821804,-120.42,-120.42,-12.71,3.67,-119.58,-119.58,-12.55,3.9,48,4.7,-122.9,-122.9,-14.21,1.21,-120.72,-120.72,-12.55,3.76,610624,6E80160A098849813FB80050C5584E2826234904FEE00143156138000C50030810C04B082802000002F46407330F9B82010000008400020834601440350A22010400005E9E3901CCDA41203A981AA8332009C17BC11B84370C6E20DC51B8C37206E48DF64BE32F2C79009300330118080C020100001395EE43000000,310;311,260;490,Stand Alone,90,2545.290000,5238272,5420441912,No,DDDFUU (3ms) | DDDD (2ms),D3-d3-f8u3-U2 | D4,0C00080010274DE000000000,12,00,08,00,10,39,4DE000000000
32409007,C00F,41,06/29/2026,16:34:05:580,2,00/00/0000,00:00:00:000,,38.903462,-77.006778,0.00,0,0.00,,,101,0,0,-87.8,-87.8,,,283,2510.550000,20,30,C,2,2,1,0,848112,-114.45,-114.45,-11.46,10.19,-114.93,-114.93,-11.58,8.79,208,10.47,-112,-112,-11.72,11.8,-113.63,-113.63,-12.55,11.04,610624,,,,,,,,,,,,,,,,,,,
32409007,C00F,41,06/29/2026,16:34:05:580,2,00/00/0000,00:00:00:000,,38.903462,-77.006778,0.00,0,0.00,,,101,0,0,-87.8,-87.8,,,606,2510.550000,20,30,C,2,2,0,0,821804,-119.77,-119.77,-12.51,4.02,-119.38,-119.38,-12.25,5.24,48,5.52,-123.11,-123.11,-14.54,0.14,-120.43,-120.43,-12.39,3.98,610624,,,,,,,,,,,,,,,,,,,
32409007,C00F,41,06/29/2026,16:34:05:580,2,00/00/0000,00:00:00:000,,38.903465,-77.006730,0.00,0,0.00,,,102,0,0,-87.9,-87.9,,,283,2510.550000,20,30,C,2,2,1,0,848112,-114.51,-114.51,-11.64,8.93,-114.4,-114.4,-11.49,10.07,208,10.47,-112.26,-112.26,-11.85,10.83,-113.62,-113.62,-12.51,10.62,610624,,,,,,,,,,,,,,,,,,,
32409007,C00F,41,06/29/2026,16:34:05:580,2,00/00/0000,00:00:00:000,,38.903465,-77.006730,0.00,0,0.00,,,102,0,0,-87.9,-87.9,,,606,2510.550000,20,30,C,2,2,0,0,821804,-119,-119,-12.37,4.98,-119.81,-119.81,-12.55,4.13,48,5.47,-123.22,-123.22,-14.72,-0.37,-120.29,-120.29,-12.42,3.81,610624,,,,,,,,,,,,,,,,,,,
32409007,C00F,41,06/29/2026,16:34:05:580,2,00/00/0000,00:00:00:000,,38.903467,-77.006682,0.00,0,0.00,,,103,0,0,-87.8,-87.8,,,283,2510.550000,20,30,C,2,2,1,0,848112,-114.61,-114.61,-11.55,9.37,-114.71,-114.71,-11.52,10.05,208,10.69,-111.95,-111.95,-11.65,11.2,-113.6,-113.6,-12.5,10.92,610624,,,,,,,,,,,,,,,,,,,
32409007,C00F,41,06/29/2026,16:34:05:580,2,00/00/0000,00:00:00:000,,38.903467,-77.006682,0.00,0,0.00,,,103,0,0,-87.8,-87.8,,,606,2510.550000,20,30,C,2,2,0,0,821804,-119.75,-119.75,-12.21,5.88,-119.7,-119.7,-12.58,4.27,160,5.9,-122.77,-122.77,-14.13,0.14,-120.49,-120.49,-12.36,4.06,610624,,,,,,,,,,,,,,,,,,,
32409007,C00F,41,06/29/2026,16:35:17:322,2,00/00/0000,00:00:00:000,,38.903470,-77.006634,0.00,0,0.00,,,104,0,0,-93.3,-93.3,,,283,2510.550000,20,30,C,1,1,1,0,848064,-118.59,-118.59,-11.99,6.37,-118.9,-118.9,-12.31,5.19,48,6.71,-118.55,-118.55,-12.43,5.65,-118.68,-118.68,-12.4,6.33,610624,6E80160A098849813FB80050C5584DE826234904FEE00143156137000C50030810C04B082802000002F46407330F9B82010000008400020834601440350A22010400005E9E3901CCDA41203A981AA833200DF17BC11B84370C6E20DC51B8C37206E48DF64BE28DAC78809300330118080C020100001395EE43000000,310;311,260;490,Stand Alone,90,2545.290000,5238272,5420441911,No,DDDFUU (3ms) | DDDD (2ms),D3-d3-f8u3-U2 | D4,0C00080010274DE000000000,12,00,08,00,10,39,4DE000000000
32409007,C00F,41,06/29/2026,16:35:17:331,2,00/00/0000,00:00:00:000,,38.903482,-77.006634,0.00,0,0.00,,,105,0,0,-92.8,-92.8,,,283,2510.550000,20,30,C,1,1,1,0,848064,-117.96,-117.96,-12.22,5.32,-118.64,-118.64,-12.23,6.07,48,6.59,-117.87,-117.87,-12.11,7.07,-118.15,-118.15,-12.29,6.75,630624,,,,,,,,,,,,,,,,,,,
32409007,C00F,41,06/29/2026,16:35:17:331,2,00/00/0000,00:00:00:000,,38.903494,-77.006635,0.00,0,0.00,,,106,0,0,-93,-93,,,283,2510.550000,20,30,C,1,1,1,0,848064,-118.68,-118.68,-12.15,5.82,-118.59,-118.59,-12.42,4.42,48,5.96,-118.68,-118.68,-12.77,4.71,-118.65,-118.65,-12.6,5.52,630624,,,,,,,,,,,,,,,,,,,
32409007,C00F,41,06/29/2026,16:35:17:331,2,00/00/0000,00:00:00:000,,38.903506,-77.006635,0.00,0,0.00,,,107,0,0,-92.9,-92.9,,,283,2510.550000,20,30,C,1,1,1,0,848064,-118.49,-118.49,-12.35,5.32,-118.73,-118.73,-12.21,5.5,48,6.31,-117.86,-117.86,-12.17,6.09,-118.36,-118.36,-12.45,6.23,630624,,,,,,,,,,,,,,,,,,,
32409007,C00F,41,06/29/2026,16:36:55:740,2,00/00/0000,00:00:00:000,,38.903480,-77.006367,0.00,0,0.00,,,108,0,0,-96.8,-96.8,,,606,2510.550000,20,30,C,2,2,0,0,821712,-125.29,-125.29,-15.33,-1.43,-124.98,-124.98,-15.06,-0.93,64,-1.58,-124.04,-124.04,-14.4,0.15,-124.75,-124.75,-15.01,-1,2F0624,6E80160A098849813FB80050C5584E2826234904FEE00143156138000C50030810C04B082802000002F46407330F9B82010000008400020834601440350A22010400005E9E3901CCDA41203A981AA8332009C17BC11B84370C6E20DC51B8C37206E48DF64BE32F2C79009300330118080C020100001395EE43000000,310;311,260;490,Stand Alone,90,2545.290000,5238272,5420441912,No,DDDFUU (3ms) | DDDD (2ms),D3-d3-f8u3-U2 | D4,0C00080010275FF600000000,12,00,08,00,10,39,5FF600000000
32409007,C00F,41,06/29/2026,16:36:55:740,2,00/00/0000,00:00:00:000,,38.903480,-77.006367,0.00,0,0.00,,,108,0,0,-96.8,-96.8,,,283,2510.550000,20,30,C,2,2,1,0,848016,-125.66,-125.66,-15.82,-2.15,-125.16,-125.16,-15.45,-1.37,192,-2.55,-124.46,-124.46,-15.2,-1.33,-125.08,-125.08,-15.65,-2.14,2F0624,6E80160A098849813FB80050C5584DE826234904FEE00143156137000C50030810C04B082802000002F46407330F9B82010000008400020834601440350A22010400005E9E3901CCDA41203A981AA833200DF17BC11B84370C6E20DC51B8C37206E48DF64BE28DAC78809300330118080C020100001395EE43000000,310;311,260;490,Stand Alone,90,2545.290000,5238272,5420441911,No,DDDFUU (3ms) | DDDD (2ms),D3-d3-f8u3-U2 | D4,0C00080010275FF600000000,12,00,08,00,10,39,5FF600000000
32409007,C00F,41,06/29/2026,16:36:55:756,2,00/00/0000,00:00:00:000,,38.903495,-77.006438,0.00,0,0.00,,,109,0,0,-96.3,-96.3,,,283,2510.550000,20,30,C,2,2,1,0,848016,-121.88,-121.88,-12.83,3.76,-122.5,-122.5,-13.57,1.82,192,3.59,-122.84,-122.84,-13.82,1.94,-122.38,-122.38,-13.37,3.05,2F0624,,,,,,,,,,,,,,,,,,,
32409007,C00F,41,06/29/2026,16:36:55:756,2,00/00/0000,00:00:00:000,,38.903495,-77.006438,0.00,0,0.00,,,109,0,0,-96.3,-96.3,,,606,2510.550000,20,30,C,2,2,0,0,821712,-123.38,-123.38,-14.12,0.11,-125,-125,-14.95,-0.79,272,-0.41,-123.79,-123.79,-14.64,0.21,-124.01,-124.01,-14.7,-0.21,2F0624,,,,,,,,,,,,,,,,,,,
32409007,C00F,41,06/29/2026,16:36:55:756,2,00/00/0000,00:00:00:000,,38.903510,-77.006509,0.00,0,0.00,,,110,0,0,-95.7,-95.7,,,283,2510.550000,20,30,C,2,2,1,0,848016,-122.48,-122.48,-13.62,1.62,-122.28,-122.28,-13.49,1.69,192,2.46,-122.36,-122.36,-14.11,1.31,-122.37,-122.37,-13.93,2.05,2F0624,,,,,,,,,,,,,,,,,,,
32409007,C00F,41,06/29/2026,16:36:55:756,2,00/00/0000,00:00:00:000,,38.903510,-77.006509,0.00,0,0.00,,,110,0,0,-95.7,-95.7,,,606,2510.550000,20,30,C,2,2,0,0,821712,-124.94,-124.94,-14.71,-0.89,-126.67,-126.67,-17.31,-4.05,16,-0.79,-122.61,-122.61,-13.42,1.62,-125.47,-125.47,-16.07,0.53,2F0624,,,,,,,,,,,,,,,,,,,
32409007,C00F,41,06/29/2026,16:36:55:756,2,00/00/0000,00:00:00:000,,38.903524,-77.006580,0.00,0,0.00,,,111,0,0,-95.3,-95.3,,,283,2510.550000,20,30,C,2,2,1,0,848016,-121.71,-121.71,-13.21,2.4,-122.35,-122.35,-13.63,1.34,192,2.68,-120.79,-120.79,-12.94,3.79,-121.59,-121.59,-13.48,3.07,2F0624,,,,,,,,,,,,,,,,,,,
32409007,C00F,41,06/29/2026,16:36:55:756,2,00/00/0000,00:00:00:000,,38.903524,-77.006580,0.00,0,0.00,,,111,0,0,-95.3,-95.3,,,606,2510.550000,20,30,C,2,2,0,0,821712,-123.66,-123.66,-14.11,0.3,-124.71,-124.71,-15.01,-0.93,160,-0.44,-124.59,-124.59,-15.26,-0.8,-124.29,-124.29,-14.86,-0.55,2F0624,,,,,,,,,,,,,,,,,,,
32409007,C00F,41,06/29/2026,16:38:02:097,2,00/00/0000,00:00:00:000,,38.903539,-77.006652,0.00,0,0.00,,,112,0,0,-96.2,-96.2,,,283,2510.550000,20,30,C,1,1,1,0,848004,-122.08,-122.08,-13.48,2.17,-121.4,-121.4,-12.87,3.53,48,3.7,-125.42,-125.42,-16.38,-1.63,-122.61,-122.61,-13.75,2.21,6D0624,,,,,,,,,,,,0C00080010275FF600000000,12,00,08,00,10,39,5FF600000000
32409007,C00F,41,06/29/2026,16:38:02:097,2,00/00/0000,00:00:00:000,,38.903552,-77.006657,0.00,0,0.00,,,113,0,0,-96.4,-96.4,,,283,2510.550000,20,30,C,1,1,1,0,848004,-122.24,-122.24,-13.33,2.14,-121.72,-121.72,-13.17,2.26,80,3.01,-124.92,-124.92,-15.62,-1.09,-122.72,-122.72,-13.63,1.85,6D0624,,,,,,,,,,,,,,,,,,,
32409007,C00F,41,06/29/2026,16:38:02:097,2,00/00/0000,00:00:00:000,,38.903564,-77.006662,0.00,0,0.00,,,114,0,0,-97,-97,,,283,2510.550000,20,30,C,1,1,1,0,848004,-123.48,-123.48,-14.18,-0.23,-123.94,-123.94,-14.42,-0.56,320,-0.29,-124.52,-124.52,-14.82,-1.29,-123.95,-123.95,-14.35,-0.59,6D0624,,,,,,,,,,,,,,,,,,,
32409007,C00F,41,06/29/2026,16:38:02:097,2,00/00/0000,00:00:00:000,,38.903577,-77.006667,0.00,0,0.00,,,115,0,0,-98.5,-98.5,,,283,2510.550000,20,30,C,1,1,1,0,848004,-127.42,-127.42,-16.26,-2.39,-129.43,-129.43,-18.77,-4.79,0,-5.06,-127.72,-127.72,-16.96,-8.82,-128.53,-128.53,-17.72,-6.36,6F0624,,,,,,,,,,,,,,,,,,,
32409007,C00F,41,06/29/2026,16:39:45:673,2,00/00/0000,00:00:00:000,,38.903597,-77.006707,0.00,0,0.00,,,116,0,0,-97.4,-97.4,,,283,2510.550000,20,30,C,1,1,1,0,847984,-126.51,-126.51,-15.85,-1.99,-127.31,-127.31,-16.68,-3.3,48,-3.38,-125.68,-125.68,-16.02,-2.07,-126.47,-126.47,-16.48,-2.92,7B0624,,,,,,,,,,,,0C00080010274DE000000000,12,00,08,00,10,39,4DE000000000
32409007,C00F,41,06/29/2026,16:39:45:674,2,00/00/0000,00:00:00:000,,38.903591,-77.006647,0.00,0,0.00,,,117,0,0,-98.1,-98.1,,,283,2510.550000,20,30,C,1,1,1,0,847984,-127.55,-127.55,-17.36,-4.28,-128.25,-128.25,-16.97,-4.97,48,-5.22,-127,-127,-16.64,-3.59,-129.1,-129.1,-18.61,-4.32,7B0624,,,,,,,,,,,,,,,,,,,
32409007,C00F,41,06/29/2026,16:39:45:674,2,00/00/0000,00:00:00:000,,38.903585,-77.006587,0.00,0,0.00,,,118,0,0,-98.2,-98.2,,,283,2510.550000,20,30,C,1,1,1,0,847984,-126.79,-126.79,-15.43,-1.32,-128.71,-128.71,-18.07,-5.37,64,-2.12,-125.67,-125.67,-15.28,-5.51,-131.57,-131.57,-20.9,-2.12,7D0624,,,,,,,,,,,,,,,,,,,
32409007,C00F,41,06/29/2026,16:39:45:674,2,00/00/0000,00:00:00:000,,38.903579,-77.006527,0.00,0,0.00,,,119,0,0,-97.9,-97.9,,,283,2510.550000,20,30,C,1,1,1,0,847984,-129.55,-129.55,-18.76,-6,-127.33,-127.33,-16.84,-3.73,48,-5.09,-124.81,-124.81,-14.59,-0.69,-127.75,-127.75,-17.37,-2.48,7D0624,,,,,,,,,,,,,,,,,,,
32409007,C00F,41,06/29/2026,16:40:53:976,2,00/00/0000,00:00:00:000,,38.903597,-77.006472,0.00,0,0.00,,,120,0,0,-101.3,-101.3,,,,,,,,0,0,,,,,,,,,,,,,,,,,,,
32409007,C00F,41,06/29/2026,16:40:53:976,2,00/00/0000,00:00:00:000,,38.903597,-77.006472,0.00,0,0.00,,,121,0,0,-101.4,-101.4,,,,,,,,0,0,,,,,,,,,,,,,,,,,,,
32409007,C00F,41,06/29/2026,16:40:53:977,2,00/00/0000,00:00:00:000,,38.903597,-77.006472,0.00,0,0.00,,,122,0,0,-101.4,-101.4,,,,,,,,0,0,,,,,,,,,,,,,,,,,,,
32409007,C00F,41,06/29/2026,16:40:53:977,2,00/00/0000,00:00:00:000,,38.903597,-77.006472,0.00,0,0.00,,,123,0,0,-102.2,-102.2,,,,,,,,0,0,,,,,,,,,,,,,,,,,,,
32409007,C00F,41,06/29/2026,16:42:57:326,2,00/00/0000,00:00:00:000,,38.903597,-77.006472,0.00,0,0.00,,,124,0,0,-85.4,-85.4,,,283,2510.550000,20,30,C,1,1,1,0,847916,-112.85,-112.85,-11.57,9.23,-115.2,-115.2,-13.12,1.97,400,5.94,-109.65,-109.65,-11.93,8.01,-112.03,-112.03,-13.3,6.96,710624,6E80160A098849813FB80050C5584DE826234904FEE00143156137000C50030810C04B082802000002F46407330F9B82010000008400020834601440350A22010400005E9E3901CCDA41203A981AA833200DF17BC11B84370C6E20DC51B8C37206E48DF64BE28DAC78809300330118080C020100001395EE43000000,310;311,260;490,Stand Alone,90,2545.290000,5238272,5420441911,No,DDDFUU (3ms) | DDDD (2ms),D3-d3-f8u3-U2 | D4,0C00080010275FF600000000,12,00,08,00,10,39,5FF600000000
32409007,C00F,41,06/29/2026,16:42:57:348,2,00/00/0000,00:00:00:000,,38.903597,-77.006472,0.00,0,0.00,,,125,0,0,-85.4,-85.4,,,283,2510.550000,20,30,C,1,1,1,0,847916,-113.33,-113.33,-11.62,8.94,-114.52,-114.52,-12.77,2.93,400,6.19,-109.37,-109.37,-11.67,9.36,-111.88,-111.88,-13.16,7.71,710624,,,,,,,,,,,,,,,,,,,
32409007,C00F,41,06/29/2026,16:42:57:348,2,00/00/0000,00:00:00:000,,38.903597,-77.006472,0.00,0,0.00,,,126,0,0,-85.3,-85.3,,,283,2510.550000,20,30,C,1,1,1,0,847916,-112.8,-112.8,-11.59,9.7,-114.45,-114.45,-13.04,2.3,416,6.03,-109.5,-109.5,-11.83,9.37,-111.8,-111.8,-13.19,7.54,710624,,,,,,,,,,,,,,,,,,,
32409007,C00F,41,06/29/2026,16:42:57:348,2,00/00/0000,00:00:00:000,,38.903597,-77.006472,0.00,0,0.00,,,127,0,0,-85.3,-85.3,,,283,2510.550000,20,30,C,1,1,1,0,847916,-113.19,-113.19,-11.87,7.86,-114.29,-114.29,-12.57,4.68,128,7.12,-109.79,-109.79,-12.18,8.58,-112.03,-112.03,-13.43,7.85,710624,,,,,,,,,,,,,,,,,,,
